/* Generated -- do not edit.
 *
 * DejaVu Sans Condensed, restricted to Latin-1: 680 kB of font become 16.9 kB.
 *
 * Bitstream Vera Fonts Copyright (c) 2003 Bitstream, Inc.
 * Arev Fonts Copyright (c) 2006 Tavmjong Bah.
 * Both licences are permissive -- which is why this font and not another: it
 * ends up inside the .dol.
 *
 * It is EMBEDDED rather than read from the card: with no font there is no
 * interface at all, and a missing file would leave a black screen with no way
 * to say why.
 */

#include "ui.h"

const unsigned int gcchip_font_size = 16900;

const unsigned char gcchip_font[] __attribute__((aligned(32))) = {
	0x00, 0x01, 0x00, 0x00, 0x00, 0x0F, 0x00, 0x80, 0x00, 0x03, 0x00, 0x70,
	0x47, 0x44, 0x45, 0x46, 0x01, 0xA9, 0x02, 0x66, 0x00, 0x00, 0x3E, 0x74,
	0x00, 0x00, 0x00, 0x22, 0x47, 0x50, 0x4F, 0x53, 0x44, 0x76, 0x4C, 0x75,
	0x00, 0x00, 0x3E, 0x98, 0x00, 0x00, 0x00, 0x20, 0x47, 0x53, 0x55, 0x42,
	0x27, 0xA4, 0x3F, 0xC3, 0x00, 0x00, 0x3E, 0xB8, 0x00, 0x00, 0x00, 0x96,
	0x4D, 0x41, 0x54, 0x48, 0x87, 0x4B, 0xD3, 0x2C, 0x00, 0x00, 0x3F, 0x50,
	0x00, 0x00, 0x02, 0xB2, 0x4F, 0x53, 0x2F, 0x32, 0x69, 0xFC, 0x0E, 0xCB,
	0x00, 0x00, 0x3B, 0x38, 0x00, 0x00, 0x00, 0x56, 0x63, 0x6D, 0x61, 0x70,
	0x43, 0x82, 0x4A, 0x08, 0x00, 0x00, 0x3B, 0x90, 0x00, 0x00, 0x00, 0xBC,
	0x67, 0x61, 0x73, 0x70, 0x00, 0x07, 0x00, 0x07, 0x00, 0x00, 0x3E, 0x68,
	0x00, 0x00, 0x00, 0x0C, 0x67, 0x6C, 0x79, 0x66, 0x86, 0x02, 0xC6, 0xF2,
	0x00, 0x00, 0x00, 0xFC, 0x00, 0x00, 0x34, 0x66, 0x68, 0x65, 0x61, 0x64,
	0x0C, 0x68, 0x01, 0xCF, 0x00, 0x00, 0x37, 0x50, 0x00, 0x00, 0x00, 0x36,
	0x68, 0x68, 0x65, 0x61, 0x0D, 0x01, 0x07, 0x60, 0x00, 0x00, 0x3B, 0x14,
	0x00, 0x00, 0x00, 0x24, 0x68, 0x6D, 0x74, 0x78, 0xC2, 0x0E, 0x6E, 0xB6,
	0x00, 0x00, 0x37, 0x88, 0x00, 0x00, 0x03, 0x8C, 0x6C, 0x6F, 0x63, 0x61,
	0x86, 0xF5, 0x94, 0xD2, 0x00, 0x00, 0x35, 0x84, 0x00, 0x00, 0x01, 0xCC,
	0x6D, 0x61, 0x78, 0x70, 0x01, 0x25, 0x03, 0xC1, 0x00, 0x00, 0x35, 0x64,
	0x00, 0x00, 0x00, 0x20, 0x6E, 0x61, 0x6D, 0x65, 0x2B, 0xDC, 0x41, 0x9F,
	0x00, 0x00, 0x3C, 0x4C, 0x00, 0x00, 0x01, 0xFA, 0x70, 0x6F, 0x73, 0x74,
	0xFF, 0x81, 0x00, 0x5A, 0x00, 0x00, 0x3E, 0x48, 0x00, 0x00, 0x00, 0x20,
	0x00, 0x02, 0x01, 0x16, 0x00, 0x00, 0x01, 0xCD, 0x05, 0xD5, 0x00, 0x03,
	0x00, 0x09, 0x00, 0x00, 0x25, 0x33, 0x15, 0x23, 0x11, 0x33, 0x11, 0x03,
	0x23, 0x03, 0x01, 0x16, 0xB7, 0xB7, 0xB7, 0x12, 0x92, 0x13, 0xFE, 0xFE,
	0x05, 0xD5, 0xFD, 0x71, 0xFE, 0x9B, 0x01, 0x65, 0x00, 0x02, 0x00, 0xB1,
	0x03, 0xAA, 0x02, 0x9F, 0x05, 0xD5, 0x00, 0x03, 0x00, 0x07, 0x00, 0x00,
	0x01, 0x11, 0x23, 0x11, 0x21, 0x11, 0x23, 0x11, 0x01, 0x4A, 0x99, 0x01,
	0xED, 0x98, 0x05, 0xD5, 0xFD, 0xD5, 0x02, 0x2B, 0xFD, 0xD5, 0x02, 0x2B,
	0x00, 0x02, 0x00, 0x8E, 0x00, 0x00, 0x05, 0x7C, 0x05, 0xBE, 0x00, 0x03,
	0x00, 0x1F, 0x00, 0x00, 0x01, 0x21, 0x03, 0x21, 0x0B, 0x01, 0x21, 0x13,
	0x33, 0x03, 0x21, 0x15, 0x21, 0x03, 0x21, 0x15, 0x21, 0x03, 0x23, 0x13,
	0x21, 0x03, 0x23, 0x13, 0x21, 0x35, 0x21, 0x13, 0x21, 0x35, 0x21, 0x13,
	0x03, 0xAE, 0xFE, 0xFA, 0x4B, 0x01, 0x07, 0x3D, 0x5D, 0x01, 0x06, 0x5F,
	0x90, 0x5D, 0x01, 0x19, 0xFE, 0xC4, 0x4A, 0x01, 0x1F, 0xFE, 0xBE, 0x5D,
	0x90, 0x5C, 0xFE, 0xF9, 0x5D, 0x91, 0x5E, 0xFE, 0xE4, 0x01, 0x3D, 0x4C,
	0xFE, 0xDE, 0x01, 0x45, 0x5C, 0x03, 0x85, 0xFE, 0xB2, 0x03, 0x87, 0xFE,
	0x61, 0x01, 0x9F, 0xFE, 0x61, 0x9A, 0xFE, 0xB2, 0x99, 0xFE, 0x62, 0x01,
	0x9E, 0xFE, 0x62, 0x01, 0x9E, 0x99, 0x01, 0x4E, 0x9A, 0x01, 0x9F, 0x00,
	0x00, 0x03, 0x00, 0x99, 0xFE, 0xD3, 0x03, 0xFC, 0x06, 0x14, 0x00, 0x21,
	0x00, 0x28, 0x00, 0x2F, 0x00, 0x00, 0x01, 0x23, 0x03, 0x2E, 0x01, 0x27,
	0x35, 0x1E, 0x01, 0x17, 0x11, 0x2E, 0x01, 0x35, 0x34, 0x36, 0x37, 0x35,
	0x33, 0x15, 0x1E, 0x01, 0x17, 0x15, 0x2E, 0x01, 0x27, 0x11, 0x1E, 0x01,
	0x15, 0x14, 0x06, 0x07, 0x03, 0x11, 0x0E, 0x01, 0x15, 0x14, 0x16, 0x17,
	0x11, 0x3E, 0x01, 0x35, 0x34, 0x26, 0x02, 0x6F, 0x5A, 0x01, 0x5F, 0xBD,
	0x5F, 0x5C, 0xBC, 0x64, 0xC7, 0xB5, 0xC4, 0xB8, 0x5A, 0x53, 0x9D, 0x4B,
	0x4B, 0x9D, 0x53, 0xCC, 0xC1, 0xCD, 0xC0, 0x5A, 0x69, 0x6D, 0x65, 0xCB,
	0x72, 0x74, 0x6F, 0xFE, 0xD3, 0x01, 0x2D, 0x02, 0x2D, 0x2D, 0xB4, 0x40,
	0x41, 0x01, 0x01, 0xC8, 0x24, 0xAC, 0x96, 0xA3, 0xBC, 0x0E, 0xEB, 0xE8,
	0x04, 0x1F, 0x1B, 0xAF, 0x2A, 0x2E, 0x04, 0xFE, 0x55, 0x23, 0xB4, 0x9C,
	0xA9, 0xC3, 0x0F, 0x03, 0x00, 0x01, 0x9A, 0x0D, 0x6A, 0x58, 0x56, 0x60,
	0xD5, 0xFE, 0x4F, 0x11, 0x6E, 0x5A, 0x58, 0x68, 0x00, 0x05, 0x00, 0x65,
	0xFF, 0xE3, 0x06, 0x72, 0x05, 0xF0, 0x00, 0x0B, 0x00, 0x17, 0x00, 0x23,
	0x00, 0x27, 0x00, 0x33, 0x00, 0x00, 0x01, 0x22, 0x06, 0x15, 0x14, 0x16,
	0x33, 0x32, 0x36, 0x35, 0x34, 0x26, 0x27, 0x32, 0x16, 0x15, 0x14, 0x06,
	0x23, 0x22, 0x26, 0x35, 0x34, 0x36, 0x01, 0x22, 0x06, 0x15, 0x14, 0x16,
	0x33, 0x32, 0x36, 0x35, 0x34, 0x26, 0x25, 0x33, 0x01, 0x23, 0x13, 0x32,
	0x16, 0x15, 0x14, 0x06, 0x23, 0x22, 0x26, 0x35, 0x34, 0x36, 0x05, 0x3C,
	0x4E, 0x59, 0x59, 0x4E, 0x4D, 0x59, 0x59, 0x4D, 0x8E, 0xA8, 0xA9, 0x8D,
	0x90, 0xA7, 0xA8, 0xFC, 0xEE, 0x4D, 0x59, 0x58, 0x4E, 0x4F, 0x59, 0x5A,
	0x02, 0xDF, 0x90, 0xFC, 0xB7, 0x90, 0x1C, 0x8F, 0xA9, 0xA9, 0x8F, 0x8F,
	0xA6, 0xA7, 0x02, 0x91, 0x94, 0x84, 0x82, 0x95, 0x95, 0x82, 0x83, 0x95,
	0x7F, 0xDC, 0xBB, 0xBB, 0xDB, 0xDB, 0xBB, 0xBC, 0xDB, 0x02, 0x61, 0x95,
	0x82, 0x84, 0x94, 0x94, 0x84, 0x81, 0x96, 0x7F, 0xF9, 0xF3, 0x06, 0x0D,
	0xDB, 0xBB, 0xBD, 0xDA, 0xDB, 0xBC, 0xBA, 0xDC, 0x00, 0x02, 0x00, 0x74,
	0xFF, 0xE3, 0x05, 0x65, 0x05, 0xF0, 0x00, 0x09, 0x00, 0x30, 0x00, 0x00,
	0x01, 0x0E, 0x01, 0x15, 0x14, 0x16, 0x33, 0x32, 0x36, 0x37, 0x09, 0x01,
	0x3E, 0x01, 0x37, 0x33, 0x06, 0x02, 0x07, 0x13, 0x23, 0x27, 0x0E, 0x01,
	0x23, 0x22, 0x00, 0x35, 0x34, 0x36, 0x37, 0x2E, 0x01, 0x35, 0x34, 0x36,
	0x33, 0x32, 0x16, 0x17, 0x15, 0x2E, 0x01, 0x23, 0x22, 0x06, 0x15, 0x14,
	0x16, 0x01, 0xC0, 0x52, 0x4C, 0xBF, 0x90, 0x55, 0x96, 0x41, 0xFE, 0xA2,
	0x01, 0xC9, 0x35, 0x3C, 0x05, 0xA8, 0x0B, 0x5E, 0x53, 0xFB, 0xE3, 0x81,
	0x5D, 0xCE, 0x76, 0xD8, 0xFE, 0xEC, 0x79, 0x78, 0x2B, 0x2D, 0xC8, 0xA5,
	0x4B, 0x95, 0x4C, 0x4E, 0x8E, 0x3E, 0x5E, 0x76, 0x35, 0x03, 0x23, 0x51,
	0xA1, 0x58, 0x92, 0xC2, 0x3F, 0x40, 0x02, 0x8F, 0xFD, 0xF8, 0x59, 0xCB,
	0x72, 0x84, 0xFE, 0xFE, 0x7E, 0xFE, 0xE3, 0x93, 0x59, 0x57, 0x01, 0x13,
	0xD7, 0x80, 0xE1, 0x63, 0x3F, 0x7D, 0x3C, 0xA2, 0xC5, 0x24, 0x24, 0xB6,
	0x2F, 0x31, 0x6F, 0x58, 0x33, 0x67, 0x00, 0x01, 0x00, 0xB1, 0x03, 0xAA,
	0x01, 0x4B, 0x05, 0xD5, 0x00, 0x03, 0x00, 0x00, 0x01, 0x11, 0x23, 0x11,
	0x01, 0x4A, 0x99, 0x05, 0xD5, 0xFD, 0xD5, 0x02, 0x2B, 0x00, 0x00, 0x01,
	0x00, 0x9E, 0xFE, 0xF2, 0x02, 0x3C, 0x06, 0x12, 0x00, 0x0D, 0x00, 0x00,
	0x01, 0x06, 0x02, 0x15, 0x14, 0x12, 0x17, 0x23, 0x26, 0x02, 0x35, 0x34,
	0x12, 0x37, 0x02, 0x3C, 0x79, 0x75, 0x76, 0x78, 0x90, 0x88, 0x86, 0x86,
	0x88, 0x06, 0x12, 0xE6, 0xFE, 0x3E, 0xE7, 0xE7, 0xFE, 0x3B, 0xE5, 0xEB,
	0x01, 0xC6, 0xE0, 0xDF, 0x01, 0xC4, 0xEC, 0x00, 0x00, 0x01, 0x00, 0x93,
	0xFE, 0xF2, 0x02, 0x31, 0x06, 0x12, 0x00, 0x0D, 0x00, 0x00, 0x13, 0x33,
	0x16, 0x12, 0x15, 0x14, 0x02, 0x07, 0x23, 0x36, 0x12, 0x35, 0x34, 0x02,
	0x94, 0x90, 0x87, 0x86, 0x86, 0x87, 0x90, 0x77, 0x76, 0x76, 0x06, 0x12,
	0xEC, 0xFE, 0x3C, 0xDF, 0xE0, 0xFE, 0x3A, 0xEB, 0xE5, 0x01, 0xC5, 0xE7,
	0xE7, 0x01, 0xC2, 0x00, 0x00, 0x01, 0x00, 0x36, 0x02, 0x4A, 0x03, 0x63,
	0x05, 0xF0, 0x00, 0x11, 0x00, 0x00, 0x01, 0x0D, 0x01, 0x07, 0x25, 0x11,
	0x23, 0x11, 0x05, 0x27, 0x2D, 0x01, 0x37, 0x05, 0x11, 0x33, 0x11, 0x25,
	0x03, 0x63, 0xFE, 0xBD, 0x01, 0x43, 0x35, 0xFE, 0xD2, 0x66, 0xFE, 0xD1,
	0x34, 0x01, 0x43, 0xFE, 0xBD, 0x34, 0x01, 0x2F, 0x66, 0x01, 0x2E, 0x04,
	0xDF, 0xC2, 0xC3, 0x62, 0xCB, 0xFE, 0x87, 0x01, 0x79, 0xCB, 0x62, 0xC3,
	0xC2, 0x63, 0xCB, 0x01, 0x79, 0xFE, 0x87, 0xCB, 0x00, 0x01, 0x00, 0xC3,
	0x00, 0x00, 0x05, 0x46, 0x05, 0x04, 0x00, 0x0B, 0x00, 0x00, 0x01, 0x11,
	0x21, 0x15, 0x21, 0x11, 0x23, 0x11, 0x21, 0x35, 0x21, 0x11, 0x03, 0x50,
	0x01, 0xF5, 0xFE, 0x0B, 0x97, 0xFE, 0x0A, 0x01, 0xF6, 0x05, 0x04, 0xFD,
	0xD3, 0xAA, 0xFD, 0xD3, 0x02, 0x2D, 0xAA, 0x02, 0x2D, 0x00, 0x00, 0x01,
	0x00, 0x8E, 0xFF, 0x12, 0x01, 0x96, 0x00, 0xFE, 0x00, 0x05, 0x00, 0x00,
	0x37, 0x33, 0x15, 0x03, 0x23, 0x13, 0xD8, 0xBE, 0x94, 0x74, 0x4A, 0xFE,
	0xAC, 0xFE, 0xC0, 0x01, 0x40, 0x00, 0x00, 0x01, 0x00, 0x5A, 0x01, 0xDF,
	0x02, 0x40, 0x02, 0x83, 0x00, 0x03, 0x00, 0x00, 0x13, 0x21, 0x15, 0x21,
	0x5A, 0x01, 0xE5, 0xFE, 0x1B, 0x02, 0x83, 0xA4, 0x00, 0x01, 0x00, 0xC5,
	0x00, 0x00, 0x01, 0x83, 0x00, 0xFE, 0x00, 0x03, 0x00, 0x00, 0x37, 0x33,
	0x15, 0x23, 0xC5, 0xBE, 0xBE, 0xFE, 0xFE, 0x00, 0x00, 0x01, 0x00, 0x00,
	0xFF, 0x42, 0x02, 0x6D, 0x05, 0xD5, 0x00, 0x03, 0x00, 0x00, 0x01, 0x33,
	0x01, 0x23, 0x01, 0xD4, 0x99, 0xFE, 0x2C, 0x99, 0x05, 0xD5, 0xF9, 0x6D,
	0x00, 0x02, 0x00, 0x79, 0xFF, 0xE3, 0x04, 0x1B, 0x05, 0xF0, 0x00, 0x0B,
	0x00, 0x17, 0x00, 0x00, 0x01, 0x22, 0x02, 0x11, 0x10, 0x12, 0x33, 0x32,
	0x12, 0x11, 0x10, 0x02, 0x27, 0x32, 0x12, 0x11, 0x10, 0x02, 0x23, 0x22,
	0x02, 0x11, 0x10, 0x12, 0x02, 0x4A, 0x8C, 0x8E, 0x8E, 0x8C, 0x8D, 0x8D,
	0x8D, 0x8D, 0xE2, 0xEE, 0xEE, 0xE2, 0xE2, 0xEE, 0xEE, 0x05, 0x50, 0xFE,
	0xCD, 0xFE, 0xCC, 0xFE, 0xCD, 0xFE, 0xCD, 0x01, 0x33, 0x01, 0x33, 0x01,
	0x34, 0x01, 0x33, 0xA0, 0xFE, 0x73, 0xFE, 0x86, 0xFE, 0x87, 0xFE, 0x73,
	0x01, 0x8D, 0x01, 0x79, 0x01, 0x7A, 0x01, 0x8D, 0x00, 0x01, 0x00, 0xCA,
	0x00, 0x00, 0x03, 0xEB, 0x05, 0xD5, 0x00, 0x0A, 0x00, 0x00, 0x37, 0x21,
	0x11, 0x05, 0x35, 0x25, 0x33, 0x11, 0x21, 0x15, 0x21, 0xE5, 0x01, 0x29,
	0xFE, 0xBC, 0x01, 0x42, 0xB6, 0x01, 0x29, 0xFC, 0xFA, 0xAA, 0x04, 0x73,
	0x48, 0xB8, 0x48, 0xFA, 0xD5, 0xAA, 0x00, 0x01, 0x00, 0x87, 0x00, 0x00,
	0x03, 0xDD, 0x05, 0xF0, 0x00, 0x1C, 0x00, 0x00, 0x25, 0x21, 0x15, 0x21,
	0x35, 0x36, 0x00, 0x37, 0x3E, 0x01, 0x35, 0x34, 0x26, 0x23, 0x22, 0x06,
	0x07, 0x35, 0x3E, 0x01, 0x33, 0x32, 0x16, 0x15, 0x14, 0x06, 0x07, 0x06,
	0x02, 0x01, 0x62, 0x02, 0x7A, 0xFC, 0xAB, 0x67, 0x01, 0x66, 0x2E, 0x57,
	0x45, 0x96, 0x79, 0x55, 0xBE, 0x6C, 0x6E, 0xBF, 0x4F, 0xD1, 0xF8, 0x3E,
	0x52, 0x17, 0xF1, 0xAA, 0xAA, 0xAA, 0x77, 0x01, 0x91, 0x3A, 0x6D, 0x97,
	0x49, 0x77, 0x96, 0x42, 0x43, 0xCC, 0x31, 0x32, 0xE8, 0xC2, 0x5C, 0xA5,
	0x70, 0x1D, 0xFE, 0xEB, 0x00, 0x01, 0x00, 0x8C, 0xFF, 0xE3, 0x04, 0x02,
	0x05, 0xF0, 0x00, 0x28, 0x00, 0x00, 0x01, 0x1E, 0x01, 0x15, 0x14, 0x04,
	0x23, 0x22, 0x26, 0x27, 0x35, 0x1E, 0x01, 0x33, 0x32, 0x36, 0x35, 0x34,
	0x26, 0x2B, 0x01, 0x35, 0x33, 0x32, 0x36, 0x35, 0x34, 0x26, 0x23, 0x22,
	0x06, 0x07, 0x35, 0x3E, 0x01, 0x33, 0x32, 0x16, 0x15, 0x14, 0x06, 0x02,
	0xEC, 0x82, 0x93, 0xFE, 0xEF, 0xFC, 0x55, 0xB3, 0x60, 0x4C, 0xB4, 0x62,
	0xAB, 0xB3, 0xA6, 0x95, 0x9C, 0xA3, 0x86, 0x8F, 0x93, 0x89, 0x4B, 0xAA,
	0x67, 0x67, 0xB5, 0x50, 0xCF, 0xF2, 0x80, 0x03, 0x25, 0x1F, 0xC4, 0x90,
	0xDD, 0xF2, 0x25, 0x25, 0xC3, 0x31, 0x32, 0x96, 0x8F, 0x84, 0x95, 0xA6,
	0x77, 0x70, 0x73, 0x7B, 0x24, 0x26, 0xB4, 0x20, 0x20, 0xD1, 0xB2, 0x7C,
	0xAB, 0x00, 0x00, 0x02, 0x00, 0x5A, 0x00, 0x00, 0x04, 0x2E, 0x05, 0xD5,
	0x00, 0x02, 0x00, 0x0D, 0x00, 0x00, 0x09, 0x01, 0x21, 0x03, 0x33, 0x11,
	0x33, 0x15, 0x23, 0x11, 0x23, 0x11, 0x21, 0x35, 0x02, 0xB9, 0xFE, 0x35,
	0x01, 0xCB, 0x30, 0xE5, 0xBF, 0xBF, 0xB5, 0xFD, 0xA1, 0x05, 0x25, 0xFC,
	0xE3, 0x03, 0xCD, 0xFC, 0x33, 0xA8, 0xFE, 0xA0, 0x01, 0x60, 0xC3, 0x00,
	0x00, 0x01, 0x00, 0x8E, 0xFF, 0xE3, 0x03, 0xF4, 0x05, 0xD5, 0x00, 0x1D,
	0x00, 0x00, 0x13, 0x21, 0x15, 0x21, 0x11, 0x3E, 0x01, 0x33, 0x32, 0x00,
	0x15, 0x14, 0x00, 0x23, 0x22, 0x26, 0x27, 0x35, 0x1E, 0x01, 0x33, 0x32,
	0x36, 0x35, 0x34, 0x26, 0x23, 0x22, 0x06, 0x07, 0xC7, 0x02, 0xCA, 0xFD,
	0xDC, 0x28, 0x4F, 0x28, 0xE1, 0x01, 0x07, 0xFE, 0xF2, 0xF6, 0x55, 0xAF,
	0x5E, 0x51, 0xAD, 0x60, 0x9C, 0xB6, 0xB6, 0x9C, 0x49, 0x91, 0x4B, 0x05,
	0xD5, 0xAA, 0xFE, 0x92, 0x0F, 0x0F, 0xFE, 0xEE, 0xEA, 0xF1, 0xFE, 0xF5,
	0x20, 0x20, 0xCB, 0x31, 0x30, 0xB6, 0x9C, 0x9C, 0xB6, 0x24, 0x26, 0x00,
	0x00, 0x02, 0x00, 0x80, 0xFF, 0xE3, 0x04, 0x21, 0x05, 0xF0, 0x00, 0x0B,
	0x00, 0x24, 0x00, 0x00, 0x01, 0x22, 0x06, 0x15, 0x14, 0x16, 0x33, 0x32,
	0x36, 0x35, 0x34, 0x26, 0x13, 0x15, 0x2E, 0x01, 0x23, 0x22, 0x02, 0x03,
	0x3E, 0x01, 0x33, 0x32, 0x12, 0x15, 0x14, 0x02, 0x23, 0x22, 0x02, 0x11,
	0x10, 0x00, 0x21, 0x32, 0x16, 0x02, 0x60, 0x7A, 0x8F, 0x8F, 0x7A, 0x7B,
	0x8F, 0x8F, 0xEE, 0x44, 0x8C, 0x44, 0xB4, 0xBE, 0x0D, 0x35, 0xA0, 0x60,
	0xCB, 0xEB, 0xF5, 0xCC, 0xE9, 0xF6, 0x01, 0x2E, 0x00, 0xFF, 0x44, 0x8C,
	0x03, 0x3B, 0xBA, 0xA2, 0xA1, 0xBB, 0xBB, 0xA1, 0xA2, 0xBA, 0x02, 0x79,
	0xB8, 0x24, 0x26, 0xFE, 0xF2, 0xFE, 0xEF, 0x57, 0x5D, 0xFE, 0xEF, 0xEB,
	0xE6, 0xFE, 0xEA, 0x01, 0x8D, 0x01, 0x79, 0x01, 0x62, 0x01, 0xA5, 0x1E,
	0x00, 0x01, 0x00, 0x97, 0x00, 0x00, 0x03, 0xF8, 0x05, 0xD5, 0x00, 0x06,
	0x00, 0x00, 0x13, 0x21, 0x15, 0x01, 0x23, 0x01, 0x21, 0x97, 0x03, 0x60,
	0xFE, 0x18, 0xBD, 0x01, 0xCA, 0xFD, 0x7B, 0x05, 0xD5, 0x56, 0xFA, 0x81,
	0x05, 0x2B, 0x00, 0x03, 0x00, 0x7D, 0xFF, 0xE3, 0x04, 0x17, 0x05, 0xF0,
	0x00, 0x0B, 0x00, 0x23, 0x00, 0x2F, 0x00, 0x00, 0x01, 0x22, 0x06, 0x15,
	0x14, 0x16, 0x33, 0x32, 0x36, 0x35, 0x34, 0x26, 0x25, 0x2E, 0x01, 0x35,
	0x34, 0x36, 0x33, 0x32, 0x16, 0x15, 0x14, 0x06, 0x07, 0x1E, 0x01, 0x15,
	0x14, 0x06, 0x23, 0x22, 0x26, 0x35, 0x34, 0x36, 0x13, 0x14, 0x16, 0x33,
	0x32, 0x36, 0x35, 0x34, 0x26, 0x23, 0x22, 0x06, 0x02, 0x4A, 0x82, 0x94,
	0x94, 0x82, 0x82, 0x95, 0x95, 0xFE, 0xC8, 0x75, 0x82, 0xE5, 0xC8, 0xC9,
	0xE4, 0x82, 0x74, 0x83, 0x93, 0xEF, 0xDE, 0xDE, 0xEF, 0x94, 0x41, 0x82,
	0x76, 0x75, 0x84, 0x84, 0x75, 0x76, 0x82, 0x02, 0xC5, 0x9A, 0x87, 0x87,
	0x9A, 0x9B, 0x86, 0x87, 0x9A, 0x56, 0x20, 0xB2, 0x80, 0xB3, 0xD0, 0xD0,
	0xB3, 0x80, 0xB2, 0x20, 0x22, 0xC6, 0x8F, 0xD9, 0xE8, 0xE8, 0xD9, 0x8F,
	0xC6, 0x01, 0x61, 0x74, 0x82, 0x82, 0x74, 0x74, 0x82, 0x82, 0x00, 0x02,
	0x00, 0x74, 0xFF, 0xE3, 0x04, 0x14, 0x05, 0xF0, 0x00, 0x18, 0x00, 0x24,
	0x00, 0x00, 0x37, 0x35, 0x1E, 0x01, 0x33, 0x32, 0x12, 0x13, 0x0E, 0x01,
	0x23, 0x22, 0x02, 0x35, 0x34, 0x12, 0x33, 0x32, 0x12, 0x11, 0x10, 0x00,
	0x23, 0x22, 0x26, 0x01, 0x32, 0x36, 0x35, 0x34, 0x26, 0x23, 0x22, 0x06,
	0x15, 0x14, 0x16, 0xCA, 0x45, 0x8C, 0x44, 0xB4, 0xBE, 0x0D, 0x34, 0xA0,
	0x61, 0xCA, 0xEB, 0xF5, 0xCB, 0xE9, 0xF6, 0xFE, 0xD3, 0xFF, 0x45, 0x8C,
	0x01, 0x1E, 0x7B, 0x8F, 0x8F, 0x7B, 0x7A, 0x8F, 0x8F, 0x1F, 0xB8, 0x24,
	0x26, 0x01, 0x0D, 0x01, 0x12, 0x56, 0x5C, 0x01, 0x0F, 0xEB, 0xE6, 0x01,
	0x16, 0xFE, 0x73, 0xFE, 0x86, 0xFE, 0x9F, 0xFE, 0x5B, 0x1E, 0x02, 0x97,
	0xBA, 0xA2, 0xA1, 0xBB, 0xBB, 0xA1, 0xA2, 0xBA, 0x00, 0x02, 0x00, 0xD8,
	0x00, 0x00, 0x01, 0x96, 0x04, 0x23, 0x00, 0x03, 0x00, 0x07, 0x00, 0x00,
	0x37, 0x33, 0x15, 0x23, 0x11, 0x33, 0x15, 0x23, 0xD8, 0xBE, 0xBE, 0xBE,
	0xBE, 0xFE, 0xFE, 0x04, 0x23, 0xFE, 0x00, 0x02, 0x00, 0x8E, 0xFF, 0x12,
	0x01, 0x96, 0x04, 0x23, 0x00, 0x03, 0x00, 0x09, 0x00, 0x00, 0x13, 0x33,
	0x15, 0x23, 0x11, 0x33, 0x15, 0x03, 0x23, 0x13, 0xD8, 0xBE, 0xBE, 0xBE,
	0x94, 0x74, 0x4A, 0x04, 0x23, 0xFE, 0xFD, 0xD9, 0xAC, 0xFE, 0xC0, 0x01,
	0x40, 0x00, 0x00, 0x01, 0x00, 0xC3, 0x00, 0x5E, 0x05, 0x46, 0x04, 0xA6,
	0x00, 0x06, 0x00, 0x00, 0x09, 0x02, 0x15, 0x01, 0x35, 0x01, 0x05, 0x45,
	0xFC, 0x5F, 0x03, 0xA1, 0xFB, 0x7E, 0x04, 0x82, 0x03, 0xF0, 0xFE, 0x91,
	0xFE, 0x93, 0xB6, 0x01, 0xD1, 0xA6, 0x01, 0xD1, 0x00, 0x02, 0x00, 0xC3,
	0x01, 0x60, 0x05, 0x46, 0x03, 0xA2, 0x00, 0x03, 0x00, 0x07, 0x00, 0x00,
	0x13, 0x21, 0x15, 0x21, 0x15, 0x21, 0x15, 0x21, 0xC3, 0x04, 0x82, 0xFB,
	0x7E, 0x04, 0x82, 0xFB, 0x7E, 0x03, 0xA2, 0xA8, 0xF0, 0xAA, 0x00, 0x01,
	0x00, 0xC3, 0x00, 0x5E, 0x05, 0x46, 0x04, 0xA6, 0x00, 0x06, 0x00, 0x00,
	0x13, 0x35, 0x01, 0x15, 0x01, 0x35, 0x01, 0xC3, 0x04, 0x82, 0xFB, 0x7E,
	0x03, 0x9F, 0x03, 0xF0, 0xB6, 0xFE, 0x2F, 0xA6, 0xFE, 0x2F, 0xB6, 0x01,
	0x6D, 0x00, 0x00, 0x02, 0x00, 0x84, 0x00, 0x00, 0x03, 0x52, 0x05, 0xF0,
	0x00, 0x03, 0x00, 0x24, 0x00, 0x00, 0x25, 0x33, 0x15, 0x23, 0x13, 0x23,
	0x35, 0x34, 0x36, 0x3F, 0x01, 0x3E, 0x01, 0x35, 0x34, 0x26, 0x23, 0x22,
	0x06, 0x07, 0x35, 0x3E, 0x01, 0x33, 0x32, 0x16, 0x15, 0x14, 0x06, 0x0F,
	0x01, 0x0E, 0x01, 0x07, 0x0E, 0x01, 0x15, 0x01, 0x60, 0xB7, 0xB7, 0xB1,
	0xAC, 0x33, 0x51, 0x51, 0x33, 0x2E, 0x76, 0x61, 0x47, 0xA1, 0x58, 0x55,
	0xAE, 0x5C, 0xA6, 0xC9, 0x41, 0x51, 0x4F, 0x2B, 0x23, 0x07, 0x05, 0x06,
	0xFE, 0xFE, 0x01, 0x91, 0x9A, 0x65, 0x82, 0x56, 0x59, 0x35, 0x5E, 0x31,
	0x59, 0x6E, 0x46, 0x43, 0xBC, 0x39, 0x38, 0xC2, 0x9F, 0x4C, 0x89, 0x56,
	0x56, 0x2F, 0x35, 0x19, 0x15, 0x3C, 0x34, 0x00, 0x00, 0x02, 0x00, 0x79,
	0xFE, 0x9C, 0x06, 0xB3, 0x05, 0xA2, 0x00, 0x0B, 0x00, 0x4C, 0x00, 0x00,
	0x01, 0x14, 0x16, 0x33, 0x32, 0x36, 0x35, 0x34, 0x26, 0x23, 0x22, 0x06,
	0x01, 0x0E, 0x01, 0x23, 0x22, 0x26, 0x35, 0x34, 0x36, 0x33, 0x32, 0x16,
	0x17, 0x35, 0x33, 0x11, 0x3E, 0x01, 0x35, 0x34, 0x26, 0x27, 0x26, 0x24,
	0x23, 0x22, 0x06, 0x07, 0x06, 0x02, 0x15, 0x14, 0x12, 0x17, 0x1E, 0x01,
	0x33, 0x32, 0x36, 0x37, 0x17, 0x06, 0x04, 0x23, 0x22, 0x24, 0x27, 0x26,
	0x02, 0x35, 0x34, 0x12, 0x37, 0x36, 0x24, 0x33, 0x32, 0x04, 0x17, 0x1E,
	0x01, 0x15, 0x10, 0x00, 0x07, 0x02, 0xAE, 0x80, 0x6F, 0x6F, 0x7F, 0x82,
	0x6E, 0x6D, 0x80, 0x01, 0xEA, 0x36, 0x8B, 0x5D, 0x9B, 0xC1, 0xC2, 0x9A,
	0x5D, 0x8C, 0x35, 0x81, 0x83, 0x95, 0x39, 0x39, 0x5E, 0xFE, 0xF3, 0x9E,
	0x6F, 0xCC, 0x56, 0x8D, 0xA0, 0x68, 0x62, 0x5E, 0xF9, 0x8D, 0x74, 0xE0,
	0x5E, 0x51, 0x71, 0xFE, 0xF7, 0x89, 0xA6, 0xFE, 0xD8, 0x73, 0x73, 0x78,
	0x7A, 0x71, 0x74, 0x01, 0x31, 0xAA, 0xBE, 0x01, 0x47, 0x6F, 0x43, 0x47,
	0xFE, 0xE2, 0xFC, 0x02, 0x19, 0x8F, 0xA3, 0xA4, 0x8E, 0x8C, 0xA5, 0xA4,
	0xFE, 0x48, 0x4D, 0x49, 0xF9, 0xC8, 0xC8, 0xFA, 0x4B, 0x4C, 0x83, 0xFD,
	0x20, 0x16, 0xDF, 0xB1, 0x6B, 0xBC, 0x50, 0x83, 0x8B, 0x41, 0x40, 0x66,
	0xFE, 0xB5, 0xC1, 0x9F, 0xFE, 0xEA, 0x6A, 0x68, 0x6D, 0x57, 0x51, 0x6F,
	0x61, 0x67, 0x83, 0x7D, 0x7D, 0x01, 0x49, 0xBD, 0xB6, 0x01, 0x4A, 0x7D,
	0x7F, 0x87, 0xAE, 0xA0, 0x62, 0xE6, 0x7B, 0xFE, 0xF9, 0xFE, 0xD0, 0x06,
	0x00, 0x02, 0x00, 0x0E, 0x00, 0x00, 0x04, 0xDE, 0x05, 0xD5, 0x00, 0x02,
	0x00, 0x0A, 0x00, 0x00, 0x01, 0x03, 0x21, 0x01, 0x33, 0x01, 0x23, 0x03,
	0x21, 0x03, 0x23, 0x02, 0x76, 0xF7, 0x01, 0xEF, 0xFE, 0xA1, 0xCF, 0x02,
	0x00, 0xBD, 0x7B, 0xFD, 0xA2, 0x7A, 0xC0, 0x05, 0x0E, 0xFD, 0x19, 0x03,
	0xAE, 0xFA, 0x2B, 0x01, 0x7F, 0xFE, 0x81, 0x00, 0x00, 0x03, 0x00, 0xB4,
	0x00, 0x00, 0x04, 0x6E, 0x05, 0xD5, 0x00, 0x08, 0x00, 0x11, 0x00, 0x20,
	0x00, 0x00, 0x01, 0x11, 0x21, 0x32, 0x36, 0x35, 0x34, 0x26, 0x23, 0x01,
	0x11, 0x21, 0x32, 0x36, 0x35, 0x34, 0x26, 0x23, 0x25, 0x21, 0x32, 0x16,
	0x15, 0x14, 0x06, 0x07, 0x1E, 0x01, 0x15, 0x14, 0x06, 0x23, 0x21, 0x01,
	0x6B, 0x01, 0x23, 0x93, 0x8D, 0x8D, 0x93, 0xFE, 0xDD, 0x01, 0x0D, 0x85,
	0x83, 0x83, 0x85, 0xFE, 0x3D, 0x01, 0xD0, 0xD0, 0xE1, 0x73, 0x70, 0x87,
	0x94, 0xF5, 0xE2, 0xFE, 0x1E, 0x02, 0xC9, 0xFD, 0xDD, 0x87, 0x8B, 0x8C,
	0x85, 0x02, 0x66, 0xFE, 0x3E, 0x6F, 0x72, 0x71, 0x70, 0xA6, 0xC0, 0xB1,
	0x89, 0xA2, 0x14, 0x20, 0xCB, 0x98, 0xC8, 0xDA, 0x00, 0x01, 0x00, 0x67,
	0xFF, 0xE3, 0x04, 0xA4, 0x05, 0xF0, 0x00, 0x19, 0x00, 0x00, 0x01, 0x15,
	0x2E, 0x01, 0x23, 0x22, 0x02, 0x11, 0x10, 0x12, 0x33, 0x32, 0x36, 0x37,
	0x15, 0x0E, 0x01, 0x23, 0x20, 0x00, 0x11, 0x10, 0x00, 0x21, 0x32, 0x16,
	0x04, 0xA3, 0x5C, 0xD0, 0x75, 0xE6, 0xF5, 0xF5, 0xE6, 0x75, 0xD0, 0x5C,
	0x5F, 0xD6, 0x76, 0xFE, 0xCE, 0xFE, 0xA2, 0x01, 0x5E, 0x01, 0x32, 0x78,
	0xD6, 0x05, 0x62, 0xD5, 0x5F, 0x5E, 0xFE, 0xC7, 0xFE, 0xD8, 0xFE, 0xD9,
	0xFE, 0xC7, 0x5E, 0x5F, 0xD3, 0x48, 0x48, 0x01, 0x9F, 0x01, 0x67, 0x01,
	0x68, 0x01, 0x9F, 0x47, 0x00, 0x02, 0x00, 0xB4, 0x00, 0x00, 0x05, 0x1F,
	0x05, 0xD5, 0x00, 0x08, 0x00, 0x11, 0x00, 0x00, 0x01, 0x11, 0x33, 0x20,
	0x00, 0x11, 0x10, 0x00, 0x21, 0x25, 0x21, 0x20, 0x00, 0x11, 0x10, 0x00,
	0x29, 0x01, 0x01, 0x6B, 0xDB, 0x01, 0x16, 0x01, 0x03, 0xFE, 0xFD, 0xFE,
	0xEA, 0xFE, 0x6F, 0x01, 0x75, 0x01, 0x87, 0x01, 0x6D, 0xFE, 0x91, 0xFE,
	0x7B, 0xFE, 0x8B, 0x05, 0x2F, 0xFB, 0x77, 0x01, 0x18, 0x01, 0x2E, 0x01,
	0x2C, 0x01, 0x17, 0xA6, 0xFE, 0x97, 0xFE, 0x80, 0xFE, 0x7E, 0xFE, 0x96,
	0x00, 0x01, 0x00, 0xB4, 0x00, 0x00, 0x04, 0x17, 0x05, 0xD5, 0x00, 0x0B,
	0x00, 0x00, 0x13, 0x21, 0x15, 0x21, 0x11, 0x21, 0x15, 0x21, 0x11, 0x21,
	0x15, 0x21, 0xB5, 0x03, 0x51, 0xFD, 0x65, 0x02, 0x80, 0xFD, 0x80, 0x02,
	0xAC, 0xFC, 0x9E, 0x05, 0xD5, 0xAA, 0xFE, 0x46, 0xAA, 0xFD, 0xE3, 0xAA,
	0x00, 0x01, 0x00, 0xB4, 0x00, 0x00, 0x03, 0xBA, 0x05, 0xD5, 0x00, 0x09,
	0x00, 0x00, 0x13, 0x21, 0x15, 0x21, 0x11, 0x21, 0x15, 0x21, 0x11, 0x23,
	0xB5, 0x03, 0x04, 0xFD, 0xB2, 0x02, 0x15, 0xFD, 0xEB, 0xB6, 0x05, 0xD5,
	0xAA, 0xFE, 0x48, 0xAA, 0xFD, 0x37, 0x00, 0x01, 0x00, 0x67, 0xFF, 0xE3,
	0x04, 0xFE, 0x05, 0xF0, 0x00, 0x1D, 0x00, 0x00, 0x25, 0x11, 0x21, 0x35,
	0x21, 0x11, 0x0E, 0x01, 0x23, 0x20, 0x00, 0x11, 0x10, 0x00, 0x21, 0x32,
	0x16, 0x17, 0x15, 0x2E, 0x01, 0x23, 0x22, 0x02, 0x11, 0x10, 0x12, 0x33,
	0x32, 0x36, 0x04, 0x49, 0xFE, 0xD7, 0x01, 0xDD, 0x69, 0xFE, 0x90, 0xFE,
	0xC5, 0xFE, 0x9D, 0x01, 0x63, 0x01, 0x3B, 0x83, 0xED, 0x64, 0x65, 0xE3,
	0x7D, 0xF6, 0xF8, 0xF8, 0xF6, 0x61, 0x97, 0xD5, 0x01, 0x91, 0xA6, 0xFD,
	0x7F, 0x53, 0x55, 0x01, 0x99, 0x01, 0x6D, 0x01, 0x6E, 0x01, 0x99, 0x48,
	0x46, 0xD7, 0x5F, 0x60, 0xFE, 0xCE, 0xFE, 0xD1, 0xFE, 0xD2, 0xFE, 0xCE,
	0x25, 0x00, 0x00, 0x01, 0x00, 0xB4, 0x00, 0x00, 0x04, 0xB6, 0x05, 0xD5,
	0x00, 0x0B, 0x00, 0x00, 0x13, 0x33, 0x11, 0x21, 0x11, 0x33, 0x11, 0x23,
	0x11, 0x21, 0x11, 0x23, 0xB5, 0xB6, 0x02, 0x94, 0xB6, 0xB6, 0xFD, 0x6C,
	0xB6, 0x05, 0xD5, 0xFD, 0x9C, 0x02, 0x64, 0xFA, 0x2B, 0x02, 0xC7, 0xFD,
	0x39, 0x00, 0x00, 0x01, 0x00, 0xB4, 0x00, 0x00, 0x01, 0x6B, 0x05, 0xD5,
	0x00, 0x03, 0x00, 0x00, 0x13, 0x33, 0x11, 0x23, 0xB5, 0xB6, 0xB6, 0x05,
	0xD5, 0xFA, 0x2B, 0x00, 0x00, 0x01, 0xFF, 0xA0, 0xFE, 0x66, 0x01, 0x6B,
	0x05, 0xD5, 0x00, 0x0B, 0x00, 0x00, 0x13, 0x33, 0x11, 0x10, 0x06, 0x2B,
	0x01, 0x35, 0x33, 0x32, 0x36, 0x35, 0xB5, 0xB6, 0xB9, 0xCC, 0x45, 0x38,
	0x79, 0x63, 0x05, 0xD5, 0xFA, 0x93, 0xFE, 0xF2, 0xF4, 0xAA, 0x96, 0xC2,
	0x00, 0x01, 0x00, 0xB4, 0x00, 0x00, 0x04, 0xE0, 0x05, 0xD5, 0x00, 0x0A,
	0x00, 0x00, 0x13, 0x33, 0x11, 0x01, 0x33, 0x09, 0x01, 0x23, 0x01, 0x11,
	0x23, 0xB5, 0xB6, 0x02, 0x5B, 0xEA, 0xFD, 0x65, 0x02, 0xCA, 0xEF, 0xFD,
	0x7B, 0xB6, 0x05, 0xD5, 0xFD, 0x89, 0x02, 0x77, 0xFD, 0x48, 0xFC, 0xE3,
	0x02, 0xCF, 0xFD, 0x31, 0x00, 0x01, 0x00, 0xB4, 0x00, 0x00, 0x03, 0xF9,
	0x05, 0xD5, 0x00, 0x05, 0x00, 0x00, 0x13, 0x33, 0x11, 0x21, 0x15, 0x21,
	0xB5, 0xB6, 0x02, 0x8E, 0xFC, 0xBC, 0x05, 0xD5, 0xFA, 0xD5, 0xAA, 0x00,
	0x00, 0x01, 0x00, 0xB4, 0x00, 0x00, 0x05, 0x83, 0x05, 0xD5, 0x00, 0x0C,
	0x00, 0x00, 0x13, 0x21, 0x09, 0x01, 0x21, 0x11, 0x23, 0x11, 0x01, 0x23,
	0x01, 0x11, 0x23, 0xB5, 0x01, 0x0F, 0x01, 0x57, 0x01, 0x58, 0x01, 0x0F,
	0xB1, 0xFE, 0xA5, 0xB6, 0xFE, 0xA5, 0xB0, 0x05, 0xD5, 0xFC, 0x08, 0x03,
	0xF8, 0xFA, 0x2B, 0x05, 0x1F, 0xFC, 0x00, 0x04, 0x00, 0xFA, 0xE1, 0x00,
	0x00, 0x01, 0x00, 0xB4, 0x00, 0x00, 0x04, 0xAE, 0x05, 0xD5, 0x00, 0x09,
	0x00, 0x00, 0x13, 0x33, 0x01, 0x11, 0x33, 0x11, 0x23, 0x01, 0x11, 0x23,
	0xB5, 0xF5, 0x02, 0x54, 0xB0, 0xF5, 0xFD, 0xAC, 0xB0, 0x05, 0xD5, 0xFB,
	0x1F, 0x04, 0xE1, 0xFA, 0x2B, 0x04, 0xE1, 0xFB, 0x1F, 0x00, 0x00, 0x02,
	0x00, 0x67, 0xFF, 0xE3, 0x05, 0x44, 0x05, 0xF0, 0x00, 0x0B, 0x00, 0x17,
	0x00, 0x00, 0x01, 0x22, 0x02, 0x11, 0x10, 0x12, 0x33, 0x32, 0x12, 0x11,
	0x10, 0x02, 0x27, 0x20, 0x00, 0x11, 0x10, 0x00, 0x21, 0x20, 0x00, 0x11,
	0x10, 0x00, 0x02, 0xD6, 0xC6, 0xE9, 0xE9, 0xC6, 0xC6, 0xE8, 0xE8, 0xC6,
	0x01, 0x1B, 0x01, 0x52, 0xFE, 0xAE, 0xFE, 0xE5, 0xFE, 0xE5, 0xFE, 0xAD,
	0x01, 0x53, 0x05, 0x4C, 0xFE, 0xB8, 0xFE, 0xE5, 0xFE, 0xE6, 0xFE, 0xB8,
	0x01, 0x48, 0x01, 0x1A, 0x01, 0x1B, 0x01, 0x48, 0xA4, 0xFE, 0x5B, 0xFE,
	0x9E, 0xFE, 0x9F, 0xFE, 0x5B, 0x01, 0xA4, 0x01, 0x62, 0x01, 0x62, 0x01,
	0xA5, 0x00, 0x00, 0x02, 0x00, 0xB4, 0x00, 0x00, 0x04, 0x19, 0x05, 0xD5,
	0x00, 0x08, 0x00, 0x13, 0x00, 0x00, 0x01, 0x11, 0x33, 0x32, 0x36, 0x35,
	0x34, 0x26, 0x23, 0x25, 0x21, 0x32, 0x16, 0x15, 0x14, 0x06, 0x2B, 0x01,
	0x11, 0x23, 0x01, 0x6B, 0xE4, 0x7F, 0x8B, 0x8B, 0x7F, 0xFE, 0x66, 0x01,
	0x9A, 0xE2, 0xE7, 0xE7, 0xE2, 0xE4, 0xB6, 0x05, 0x2F, 0xFD, 0xCF, 0x92,
	0x87, 0x86, 0x92, 0xA6, 0xE3, 0xDB, 0xDD, 0xE2, 0xFD, 0xA8, 0x00, 0x02,
	0x00, 0x67, 0xFE, 0xF8, 0x05, 0x44, 0x05, 0xF0, 0x00, 0x0B, 0x00, 0x1D,
	0x00, 0x00, 0x01, 0x22, 0x02, 0x11, 0x10, 0x12, 0x33, 0x32, 0x12, 0x11,
	0x10, 0x02, 0x1B, 0x01, 0x23, 0x27, 0x0E, 0x01, 0x23, 0x20, 0x00, 0x11,
	0x10, 0x00, 0x21, 0x20, 0x00, 0x11, 0x10, 0x02, 0x02, 0xD6, 0xC6, 0xE9,
	0xE9, 0xC6, 0xC6, 0xE8, 0xE8, 0x39, 0xEF, 0xDB, 0xC7, 0x1E, 0x1F, 0x0F,
	0xFE, 0xE5, 0xFE, 0xAD, 0x01, 0x53, 0x01, 0x1B, 0x01, 0x1B, 0x01, 0x52,
	0xBC, 0x05, 0x4C, 0xFE, 0xB8, 0xFE, 0xE5, 0xFE, 0xE6, 0xFE, 0xB8, 0x01,
	0x48, 0x01, 0x1A, 0x01, 0x1B, 0x01, 0x48, 0xFA, 0xCF, 0xFE, 0xDD, 0xEF,
	0x02, 0x02, 0x01, 0xA5, 0x01, 0x61, 0x01, 0x62, 0x01, 0xA5, 0xFE, 0x5B,
	0xFE, 0x9E, 0xFE, 0xFC, 0xFE, 0x8E, 0x00, 0x02, 0x00, 0xB4, 0x00, 0x00,
	0x04, 0xCC, 0x05, 0xD5, 0x00, 0x13, 0x00, 0x1C, 0x00, 0x00, 0x01, 0x1E,
	0x01, 0x17, 0x13, 0x23, 0x03, 0x2E, 0x01, 0x2B, 0x01, 0x11, 0x23, 0x11,
	0x21, 0x32, 0x16, 0x15, 0x14, 0x06, 0x01, 0x11, 0x33, 0x32, 0x36, 0x35,
	0x34, 0x26, 0x23, 0x03, 0x32, 0x3B, 0x6E, 0x38, 0xB9, 0xC4, 0xAC, 0x42,
	0x7D, 0x6C, 0xC6, 0xB6, 0x01, 0x9A, 0xE7, 0xE2, 0x75, 0xFD, 0xC8, 0xE4,
	0x84, 0x86, 0x86, 0x84, 0x02, 0xBC, 0x16, 0x90, 0x7E, 0xFE, 0x68, 0x01,
	0x7F, 0x96, 0x62, 0xFD, 0x89, 0x05, 0xD5, 0xD6, 0xD8, 0x8D, 0xBA, 0x02,
	0x4F, 0xFD, 0xEE, 0x87, 0x83, 0x83, 0x85, 0x00, 0x00, 0x01, 0x00, 0x79,
	0xFF, 0xE3, 0x04, 0x2C, 0x05, 0xF0, 0x00, 0x27, 0x00, 0x00, 0x01, 0x15,
	0x2E, 0x01, 0x23, 0x22, 0x06, 0x15, 0x14, 0x16, 0x1F, 0x01, 0x1E, 0x01,
	0x15, 0x14, 0x04, 0x23, 0x22, 0x26, 0x27, 0x35, 0x1E, 0x01, 0x33, 0x32,
	0x36, 0x35, 0x34, 0x26, 0x2F, 0x01, 0x2E, 0x01, 0x35, 0x34, 0x36, 0x33,
	0x32, 0x16, 0x03, 0xDA, 0x67, 0xB8, 0x55, 0x95, 0xA1, 0x6B, 0x96, 0x6D,
	0xCC, 0xC1, 0xFE, 0xFB, 0xFD, 0x60, 0xD7, 0x73, 0x6F, 0xD4, 0x67, 0x9B,
	0xAA, 0x7A, 0x8B, 0x6E, 0xCC, 0xB5, 0xFB, 0xDC, 0x5F, 0xC4, 0x05, 0xA4,
	0xC5, 0x37, 0x36, 0x80, 0x76, 0x63, 0x65, 0x1F, 0x19, 0x2B, 0xD9, 0xB6,
	0xD9, 0xE0, 0x30, 0x2F, 0xD0, 0x45, 0x46, 0x88, 0x7E, 0x6E, 0x7C, 0x1F,
	0x18, 0x2D, 0xC0, 0xAB, 0xC6, 0xE4, 0x26, 0x00, 0x00, 0x01, 0xFF, 0xFA,
	0x00, 0x00, 0x04, 0x6C, 0x05, 0xD5, 0x00, 0x07, 0x00, 0x00, 0x03, 0x21,
	0x15, 0x21, 0x11, 0x23, 0x11, 0x21, 0x05, 0x04, 0x70, 0xFE, 0x23, 0xB6,
	0xFE, 0x23, 0x05, 0xD5, 0xAA, 0xFA, 0xD5, 0x05, 0x2B, 0x00, 0x00, 0x01,
	0x00, 0xA0, 0xFF, 0xE3, 0x04, 0xA5, 0x05, 0xD5, 0x00, 0x11, 0x00, 0x00,
	0x13, 0x33, 0x11, 0x14, 0x16, 0x33, 0x32, 0x36, 0x35, 0x11, 0x33, 0x11,
	0x10, 0x00, 0x23, 0x22, 0x00, 0x11, 0xA0, 0xB7, 0x9D, 0xAF, 0xAF, 0x9C,
	0xB7, 0xFE, 0xFC, 0xFE, 0xFF, 0xFE, 0xFC, 0x05, 0xD5, 0xFC, 0x75, 0xF0,
	0xD3, 0xD3, 0xF0, 0x03, 0x8B, 0xFC, 0x5C, 0xFE, 0xDC, 0xFE, 0xD6, 0x01,
	0x2A, 0x01, 0x24, 0x00, 0x00, 0x01, 0x00, 0x0E, 0x00, 0x00, 0x04, 0xDE,
	0x05, 0xD5, 0x00, 0x06, 0x00, 0x00, 0x21, 0x01, 0x33, 0x09, 0x01, 0x33,
	0x01, 0x02, 0x0F, 0xFD, 0xFF, 0xBE, 0x01, 0xAA, 0x01, 0xAB, 0xBD, 0xFE,
	0x00, 0x05, 0xD5, 0xFB, 0x17, 0x04, 0xE9, 0xFA, 0x2B, 0x00, 0x00, 0x01,
	0x00, 0x3D, 0x00, 0x00, 0x06, 0xE3, 0x05, 0xD5, 0x00, 0x0C, 0x00, 0x00,
	0x13, 0x33, 0x09, 0x01, 0x33, 0x09, 0x01, 0x33, 0x01, 0x23, 0x09, 0x01,
	0x23, 0x3D, 0xB8, 0x01, 0x1A, 0x01, 0x1A, 0xCC, 0x01, 0x1B, 0x01, 0x1A,
	0xB8, 0xFE, 0xAF, 0xE5, 0xFE, 0xE5, 0xFE, 0xE1, 0xE4, 0x05, 0xD5, 0xFB,
	0x12, 0x04, 0xEE, 0xFB, 0x12, 0x04, 0xEE, 0xFA, 0x2B, 0x05, 0x10, 0xFA,
	0xF0, 0x00, 0x00, 0x01, 0x00, 0x36, 0x00, 0x00, 0x04, 0xB6, 0x05, 0xD5,
	0x00, 0x0B, 0x00, 0x00, 0x13, 0x33, 0x09, 0x01, 0x33, 0x09, 0x01, 0x23,
	0x09, 0x01, 0x23, 0x01, 0x74, 0xC3, 0x01, 0x4E, 0x01, 0x50, 0xC3, 0xFE,
	0x50, 0x01, 0xCD, 0xC3, 0xFE, 0x86, 0xFE, 0x83, 0xC4, 0x01, 0xE0, 0x05,
	0xD5, 0xFD, 0xD5, 0x02, 0x2B, 0xFD, 0x33, 0xFC, 0xF8, 0x02, 0x7B, 0xFD,
	0x85, 0x03, 0x1D, 0x00, 0x00, 0x01, 0xFF, 0xFC, 0x00, 0x00, 0x04, 0x6A,
	0x05, 0xD5, 0x00, 0x08, 0x00, 0x00, 0x03, 0x33, 0x09, 0x01, 0x33, 0x01,
	0x11, 0x23, 0x11, 0x04, 0xC4, 0x01, 0x74, 0x01, 0x72, 0xC4, 0xFE, 0x24,
	0xB6, 0x05, 0xD5, 0xFD, 0x9A, 0x02, 0x66, 0xFC, 0xF2, 0xFD, 0x39, 0x02,
	0xC7, 0x00, 0x00, 0x01, 0x00, 0x52, 0x00, 0x00, 0x04, 0x9C, 0x05, 0xD5,
	0x00, 0x09, 0x00, 0x00, 0x13, 0x21, 0x15, 0x01, 0x21, 0x15, 0x21, 0x35,
	0x01, 0x21, 0x68, 0x04, 0x1F, 0xFC, 0xAF, 0x03, 0x66, 0xFB, 0xB7, 0x03,
	0x51, 0xFC, 0xC4, 0x05, 0xD5, 0x9A, 0xFB, 0x6F, 0xAA, 0x9A, 0x04, 0x91,
	0x00, 0x01, 0x00, 0x9E, 0xFE, 0xF2, 0x02, 0x1C, 0x06, 0x14, 0x00, 0x07,
	0x00, 0x00, 0x13, 0x21, 0x15, 0x23, 0x11, 0x33, 0x15, 0x21, 0x9E, 0x01,
	0x7E, 0xD8, 0xD8, 0xFE, 0x82, 0x06, 0x14, 0x8F, 0xF9, 0xFC, 0x8F, 0x00,
	0x00, 0x01, 0x00, 0x00, 0xFF, 0x42, 0x02, 0x6D, 0x05, 0xD5, 0x00, 0x03,
	0x00, 0x00, 0x13, 0x01, 0x23, 0x01, 0x99, 0x01, 0xD4, 0x99, 0xFE, 0x2C,
	0x05, 0xD5, 0xF9, 0x6D, 0x06, 0x93, 0x00, 0x01, 0x00, 0xB3, 0xFE, 0xF2,
	0x02, 0x31, 0x06, 0x14, 0x00, 0x07, 0x00, 0x00, 0x01, 0x11, 0x21, 0x35,
	0x33, 0x11, 0x23, 0x35, 0x02, 0x31, 0xFE, 0x82, 0xD7, 0xD7, 0x06, 0x14,
	0xF8, 0xDE, 0x8F, 0x06, 0x04, 0x8F, 0x00, 0x01, 0x00, 0xC3, 0x03, 0xA8,
	0x05, 0x46, 0x05, 0xD5, 0x00, 0x06, 0x00, 0x00, 0x09, 0x01, 0x23, 0x09,
	0x01, 0x23, 0x01, 0x03, 0x5C, 0x01, 0xE9, 0xB5, 0xFE, 0x74, 0xFE, 0x74,
	0xB5, 0x01, 0xE9, 0x05, 0xD5, 0xFD, 0xD3, 0x01, 0x8B, 0xFE, 0x75, 0x02,
	0x2D, 0x00, 0x00, 0x01, 0xFF, 0xEE, 0xFE, 0x1D, 0x03, 0xAC, 0xFE, 0xAC,
	0x00, 0x03, 0x00, 0x00, 0x01, 0x15, 0x21, 0x35, 0x03, 0xAC, 0xFC, 0x42,
	0xFE, 0xAC, 0x8F, 0x8F, 0x00, 0x01, 0x00, 0x99, 0x04, 0xF0, 0x02, 0x49,
	0x06, 0x66, 0x00, 0x03, 0x00, 0x00, 0x01, 0x13, 0x23, 0x01, 0x01, 0x4A,
	0xFE, 0x8A, 0xFE, 0xDB, 0x06, 0x66, 0xFE, 0x8A, 0x01, 0x76, 0x00, 0x02,
	0x00, 0x6E, 0xFF, 0xE3, 0x03, 0xC3, 0x04, 0x7B, 0x00, 0x0A, 0x00, 0x25,
	0x00, 0x00, 0x01, 0x22, 0x06, 0x15, 0x14, 0x16, 0x33, 0x32, 0x36, 0x3D,
	0x01, 0x37, 0x11, 0x23, 0x35, 0x0E, 0x01, 0x23, 0x22, 0x26, 0x35, 0x34,
	0x36, 0x3B, 0x01, 0x35, 0x34, 0x26, 0x23, 0x22, 0x06, 0x07, 0x35, 0x3E,
	0x01, 0x33, 0x32, 0x16, 0x02, 0x78, 0xC9, 0x9B, 0x74, 0x64, 0x8A, 0xA6,
	0xA6, 0xA6, 0x38, 0xA9, 0x7B, 0x9B, 0xB6, 0xE3, 0xE2, 0xE8, 0x96, 0x88,
	0x56, 0xA4, 0x4C, 0x5B, 0xAB, 0x51, 0xDB, 0xD8, 0x02, 0x33, 0x66, 0x7B,
	0x62, 0x73, 0xD9, 0xB4, 0x29, 0x4C, 0xFD, 0x81, 0xAA, 0x66, 0x61, 0xC1,
	0xA2, 0xBD, 0xC0, 0x12, 0x7F, 0x8B, 0x2E, 0x2E, 0xAA, 0x27, 0x27, 0xFC,
	0x00, 0x02, 0x00, 0xA7, 0xFF, 0xE3, 0x04, 0x2E, 0x06, 0x14, 0x00, 0x0B,
	0x00, 0x1C, 0x00, 0x00, 0x01, 0x34, 0x26, 0x23, 0x22, 0x06, 0x15, 0x14,
	0x16, 0x33, 0x32, 0x36, 0x01, 0x3E, 0x01, 0x33, 0x32, 0x12, 0x11, 0x10,
	0x02, 0x23, 0x22, 0x26, 0x27, 0x15, 0x23, 0x11, 0x33, 0x03, 0x81, 0x96,
	0x83, 0x84, 0x96, 0x96, 0x84, 0x83, 0x96, 0xFD, 0xCD, 0x34, 0x9F, 0x6F,
	0xB8, 0xE5, 0xE5, 0xB8, 0x6F, 0x9F, 0x34, 0xA7, 0xA7, 0x02, 0x2F, 0xCB,
	0xE7, 0xE7, 0xCB, 0xCB, 0xE7, 0xE7, 0x02, 0x52, 0x64, 0x61, 0xFE, 0xBC,
	0xFE, 0xF8, 0xFE, 0xF8, 0xFE, 0xBC, 0x61, 0x64, 0xA8, 0x06, 0x14, 0x00,
	0x00, 0x01, 0x00, 0x65, 0xFF, 0xE3, 0x03, 0x84, 0x04, 0x7B, 0x00, 0x19,
	0x00, 0x00, 0x01, 0x15, 0x2E, 0x01, 0x23, 0x22, 0x06, 0x15, 0x14, 0x16,
	0x33, 0x32, 0x36, 0x37, 0x15, 0x0E, 0x01, 0x23, 0x22, 0x00, 0x11, 0x10,
	0x00, 0x33, 0x32, 0x16, 0x03, 0x83, 0x46, 0x8D, 0x48, 0xA2, 0xB2, 0xB2,
	0xA2, 0x48, 0x8D, 0x46, 0x45, 0x95, 0x53, 0xE4, 0xFE, 0xF4, 0x01, 0x0F,
	0xEB, 0x4D, 0x92, 0x04, 0x35, 0xAC, 0x2B, 0x2B, 0xE3, 0xCD, 0xCD, 0xE3,
	0x2B, 0x2B, 0xAA, 0x24, 0x24, 0x01, 0x3E, 0x01, 0x0E, 0x01, 0x12, 0x01,
	0x3A, 0x23, 0x00, 0x02, 0x00, 0x65, 0xFF, 0xE3, 0x03, 0xEB, 0x06, 0x14,
	0x00, 0x10, 0x00, 0x1C, 0x00, 0x00, 0x01, 0x11, 0x33, 0x11, 0x23, 0x35,
	0x0E, 0x01, 0x23, 0x22, 0x02, 0x11, 0x10, 0x12, 0x33, 0x32, 0x16, 0x01,
	0x14, 0x16, 0x33, 0x32, 0x36, 0x35, 0x34, 0x26, 0x23, 0x22, 0x06, 0x03,
	0x45, 0xA6, 0xA6, 0x34, 0x9F, 0x70, 0xB7, 0xE5, 0xE5, 0xB7, 0x70, 0x9F,
	0xFE, 0x00, 0x96, 0x83, 0x84, 0x97, 0x97, 0x84, 0x83, 0x96, 0x03, 0xB6,
	0x02, 0x5E, 0xF9, 0xEC, 0xA8, 0x64, 0x61, 0x01, 0x44, 0x01, 0x08, 0x01,
	0x08, 0x01, 0x44, 0x61, 0xFE, 0x15, 0xCB, 0xE7, 0xE7, 0xCB, 0xCB, 0xE7,
	0xE7, 0x00, 0x00, 0x02, 0x00, 0x65, 0xFF, 0xE3, 0x04, 0x0C, 0x04, 0x7B,
	0x00, 0x14, 0x00, 0x1B, 0x00, 0x00, 0x01, 0x15, 0x21, 0x1E, 0x01, 0x33,
	0x32, 0x36, 0x37, 0x15, 0x0E, 0x01, 0x23, 0x22, 0x00, 0x11, 0x10, 0x00,
	0x33, 0x32, 0x12, 0x07, 0x2E, 0x01, 0x23, 0x22, 0x06, 0x07, 0x04, 0x0C,
	0xFD, 0x06, 0x0B, 0xB9, 0xA4, 0x60, 0xB3, 0x58, 0x59, 0xBB, 0x60, 0xF2,
	0xFE, 0xE7, 0x01, 0x0B, 0xE3, 0xCB, 0xED, 0xA6, 0x02, 0x94, 0x7A, 0x8B,
	0xA7, 0x0C, 0x02, 0x5E, 0x5A, 0xBE, 0xC7, 0x34, 0x34, 0xAE, 0x2A, 0x2C,
	0x01, 0x38, 0x01, 0x0A, 0x01, 0x13, 0x01, 0x43, 0xFE, 0xDD, 0xC4, 0x97,
	0xB4, 0xAE, 0x9E, 0x00, 0x00, 0x01, 0x00, 0x2A, 0x00, 0x00, 0x02, 0xAC,
	0x06, 0x14, 0x00, 0x13, 0x00, 0x00, 0x01, 0x15, 0x23, 0x22, 0x06, 0x1D,
	0x01, 0x21, 0x15, 0x21, 0x11, 0x23, 0x11, 0x23, 0x35, 0x33, 0x35, 0x34,
	0x36, 0x33, 0x02, 0xAC, 0x9E, 0x5A, 0x45, 0x01, 0x11, 0xFE, 0xEF, 0xA6,
	0x9F, 0x9F, 0x9C, 0xAA, 0x06, 0x14, 0x99, 0x50, 0x68, 0x63, 0x8F, 0xFC,
	0x2F, 0x03, 0xD1, 0x8F, 0x4E, 0xBB, 0xAB, 0x00, 0x00, 0x02, 0x00, 0x65,
	0xFE, 0x56, 0x03, 0xEB, 0x04, 0x7B, 0x00, 0x0B, 0x00, 0x28, 0x00, 0x00,
	0x01, 0x34, 0x26, 0x23, 0x22, 0x06, 0x15, 0x14, 0x16, 0x33, 0x32, 0x36,
	0x17, 0x10, 0x02, 0x23, 0x22, 0x26, 0x27, 0x35, 0x1E, 0x01, 0x33, 0x32,
	0x36, 0x3D, 0x01, 0x0E, 0x01, 0x23, 0x22, 0x02, 0x11, 0x10, 0x12, 0x33,
	0x32, 0x16, 0x17, 0x35, 0x33, 0x03, 0x45, 0x95, 0x86, 0x85, 0x94, 0x94,
	0x85, 0x86, 0x95, 0xA6, 0xE5, 0xEC, 0x57, 0x9B, 0x49, 0x49, 0x8E, 0x4A,
	0xA3, 0xA2, 0x33, 0xA0, 0x70, 0xBA, 0xE2, 0xE2, 0xBA, 0x70, 0xA0, 0x33,
	0xA6, 0x02, 0x3D, 0xC8, 0xDC, 0xDC, 0xC8, 0xC7, 0xDC, 0xDC, 0xEB, 0xFE,
	0xE2, 0xFE, 0xE9, 0x1D, 0x1E, 0xB3, 0x2C, 0x2A, 0xBD, 0xBF, 0x5B, 0x63,
	0x62, 0x01, 0x3A, 0x01, 0x03, 0x01, 0x04, 0x01, 0x3A, 0x62, 0x63, 0xAA,
	0x00, 0x01, 0x00, 0xA7, 0x00, 0x00, 0x03, 0xF4, 0x06, 0x14, 0x00, 0x13,
	0x00, 0x00, 0x01, 0x11, 0x23, 0x11, 0x34, 0x26, 0x23, 0x22, 0x06, 0x15,
	0x11, 0x23, 0x11, 0x33, 0x11, 0x3E, 0x01, 0x33, 0x32, 0x16, 0x03, 0xF4,
	0xA6, 0x70, 0x6F, 0x86, 0x9B, 0xA7, 0xA7, 0x3B, 0xA1, 0x6A, 0xAD, 0xB3,
	0x02, 0xA4, 0xFD, 0x5C, 0x02, 0x9E, 0x9F, 0x9E, 0xBE, 0xA4, 0xFD, 0x87,
	0x06, 0x14, 0xFD, 0x9E, 0x65, 0x64, 0xEF, 0x00, 0x00, 0x02, 0x00, 0xAD,
	0x00, 0x00, 0x01, 0x54, 0x06, 0x14, 0x00, 0x03, 0x00, 0x07, 0x00, 0x00,
	0x13, 0x33, 0x11, 0x23, 0x11, 0x33, 0x15, 0x23, 0xAE, 0xA5, 0xA5, 0xA5,
	0xA5, 0x04, 0x60, 0xFB, 0xA0, 0x06, 0x14, 0xE9, 0x00, 0x02, 0xFF, 0xDE,
	0xFE, 0x56, 0x01, 0x54, 0x06, 0x14, 0x00, 0x0B, 0x00, 0x0F, 0x00, 0x00,
	0x13, 0x33, 0x11, 0x14, 0x06, 0x2B, 0x01, 0x35, 0x33, 0x32, 0x36, 0x35,
	0x11, 0x33, 0x15, 0x23, 0xAE, 0xA5, 0x92, 0xA3, 0x3F, 0x2C, 0x5E, 0x45,
	0xA5, 0xA5, 0x04, 0x60, 0xFB, 0x8C, 0xD6, 0xC0, 0x9C, 0x61, 0x99, 0x06,
	0x28, 0xE9, 0x00, 0x01, 0x00, 0xA7, 0x00, 0x00, 0x04, 0x26, 0x06, 0x14,
	0x00, 0x0A, 0x00, 0x00, 0x13, 0x33, 0x11, 0x01, 0x33, 0x09, 0x01, 0x23,
	0x01, 0x11, 0x23, 0xA7, 0xA7, 0x01, 0xEE, 0xD4, 0xFD, 0xE9, 0x02, 0x2D,
	0xD8, 0xFE, 0x00, 0xA7, 0x06, 0x14, 0xFC, 0x69, 0x01, 0xE3, 0xFD, 0xF4,
	0xFD, 0xAC, 0x02, 0x23, 0xFD, 0xDD, 0x00, 0x01, 0x00, 0xAD, 0x00, 0x00,
	0x01, 0x54, 0x06, 0x14, 0x00, 0x03, 0x00, 0x00, 0x13, 0x33, 0x11, 0x23,
	0xAE, 0xA5, 0xA5, 0x06, 0x14, 0xF9, 0xEC, 0x00, 0x00, 0x01, 0x00, 0xA7,
	0x00, 0x00, 0x06, 0x67, 0x04, 0x7B, 0x00, 0x22, 0x00, 0x00, 0x01, 0x3E,
	0x01, 0x33, 0x32, 0x16, 0x15, 0x11, 0x23, 0x11, 0x34, 0x26, 0x23, 0x22,
	0x06, 0x15, 0x11, 0x23, 0x11, 0x34, 0x26, 0x23, 0x22, 0x06, 0x15, 0x11,
	0x23, 0x11, 0x33, 0x15, 0x3E, 0x01, 0x33, 0x32, 0x16, 0x03, 0xBE, 0x3F,
	0xAC, 0x75, 0x9E, 0xAB, 0xA7, 0x66, 0x6A, 0x80, 0x96, 0xA6, 0x67, 0x6B,
	0x7F, 0x95, 0xA7, 0xA7, 0x39, 0x9E, 0x6D, 0x6E, 0x9A, 0x03, 0x89, 0x7C,
	0x76, 0xF5, 0xE2, 0xFD, 0x5C, 0x02, 0x9E, 0xA1, 0x9C, 0xBE, 0xA4, 0xFD,
	0x87, 0x02, 0x9E, 0xA2, 0x9B, 0xBF, 0xA3, 0xFD, 0x87, 0x04, 0x60, 0xAE,
	0x67, 0x62, 0x7C, 0x00, 0x00, 0x01, 0x00, 0xA7, 0x00, 0x00, 0x03, 0xF4,
	0x04, 0x7B, 0x00, 0x13, 0x00, 0x00, 0x01, 0x11, 0x23, 0x11, 0x34, 0x26,
	0x23, 0x22, 0x06, 0x15, 0x11, 0x23, 0x11, 0x33, 0x15, 0x3E, 0x01, 0x33,
	0x32, 0x16, 0x03, 0xF4, 0xA6, 0x70, 0x6F, 0x86, 0x9B, 0xA7, 0xA7, 0x3B,
	0xA1, 0x6A, 0xAD, 0xB3, 0x02, 0xA4, 0xFD, 0x5C, 0x02, 0x9E, 0x9F, 0x9E,
	0xBE, 0xA4, 0xFD, 0x87, 0x04, 0x60, 0xAE, 0x65, 0x64, 0xEF, 0x00, 0x02,
	0x00, 0x65, 0xFF, 0xE3, 0x04, 0x03, 0x04, 0x7B, 0x00, 0x0B, 0x00, 0x17,
	0x00, 0x00, 0x01, 0x22, 0x06, 0x15, 0x14, 0x16, 0x33, 0x32, 0x36, 0x35,
	0x34, 0x26, 0x27, 0x32, 0x12, 0x11, 0x10, 0x02, 0x23, 0x22, 0x02, 0x11,
	0x10, 0x12, 0x02, 0x34, 0x85, 0x9B, 0x9A, 0x86, 0x85, 0x9A, 0x9A, 0x85,
	0xD8, 0xF7, 0xF7, 0xD8, 0xD9, 0xF5, 0xF5, 0x03, 0xDF, 0xE7, 0xC9, 0xC9,
	0xE7, 0xE8, 0xC8, 0xC7, 0xE9, 0x9C, 0xFE, 0xC8, 0xFE, 0xEC, 0xFE, 0xED,
	0xFE, 0xC7, 0x01, 0x39, 0x01, 0x13, 0x01, 0x14, 0x01, 0x38, 0x00, 0x02,
	0x00, 0xA7, 0xFE, 0x56, 0x04, 0x2E, 0x04, 0x7B, 0x00, 0x10, 0x00, 0x1C,
	0x00, 0x00, 0x25, 0x11, 0x23, 0x11, 0x33, 0x15, 0x3E, 0x01, 0x33, 0x32,
	0x12, 0x11, 0x10, 0x02, 0x23, 0x22, 0x26, 0x01, 0x34, 0x26, 0x23, 0x22,
	0x06, 0x15, 0x14, 0x16, 0x33, 0x32, 0x36, 0x01, 0x4E, 0xA7, 0xA7, 0x34,
	0x9F, 0x6F, 0xB8, 0xE5, 0xE5, 0xB8, 0x6F, 0x9F, 0x01, 0xFF, 0x96, 0x83,
	0x84, 0x96, 0x96, 0x84, 0x83, 0x96, 0xA8, 0xFD, 0xAE, 0x06, 0x0A, 0xAA,
	0x64, 0x61, 0xFE, 0xBC, 0xFE, 0xF8, 0xFE, 0xF8, 0xFE, 0xBC, 0x61, 0x01,
	0xEB, 0xCB, 0xE7, 0xE7, 0xCB, 0xCB, 0xE7, 0xE7, 0x00, 0x02, 0x00, 0x65,
	0xFE, 0x56, 0x03, 0xEB, 0x04, 0x7B, 0x00, 0x0B, 0x00, 0x1C, 0x00, 0x00,
	0x01, 0x14, 0x16, 0x33, 0x32, 0x36, 0x35, 0x34, 0x26, 0x23, 0x22, 0x06,
	0x01, 0x0E, 0x01, 0x23, 0x22, 0x02, 0x11, 0x10, 0x12, 0x33, 0x32, 0x16,
	0x17, 0x35, 0x33, 0x11, 0x23, 0x01, 0x11, 0x96, 0x83, 0x84, 0x97, 0x97,
	0x84, 0x83, 0x96, 0x02, 0x34, 0x34, 0x9F, 0x70, 0xB7, 0xE5, 0xE5, 0xB7,
	0x70, 0x9F, 0x34, 0xA6, 0xA6, 0x02, 0x2F, 0xCB, 0xE7, 0xE7, 0xCB, 0xCB,
	0xE7, 0xE7, 0xFD, 0xAE, 0x64, 0x61, 0x01, 0x44, 0x01, 0x08, 0x01, 0x08,
	0x01, 0x44, 0x61, 0x64, 0xAA, 0xF9, 0xF6, 0x00, 0x00, 0x01, 0x00, 0xA7,
	0x00, 0x00, 0x02, 0xF6, 0x04, 0x7B, 0x00, 0x11, 0x00, 0x00, 0x01, 0x2E,
	0x01, 0x23, 0x22, 0x06, 0x15, 0x11, 0x23, 0x11, 0x33, 0x15, 0x3E, 0x01,
	0x33, 0x32, 0x16, 0x17, 0x02, 0xF6, 0x1C, 0x42, 0x27, 0x8D, 0x96, 0xA7,
	0xA7, 0x34, 0xA8, 0x77, 0x11, 0x2A, 0x19, 0x03, 0xB4, 0x12, 0x11, 0xCB,
	0xBE, 0xFD, 0xB2, 0x04, 0x60, 0xAE, 0x66, 0x63, 0x05, 0x05, 0x00, 0x01,
	0x00, 0x63, 0xFF, 0xE3, 0x03, 0x67, 0x04, 0x7B, 0x00, 0x27, 0x00, 0x00,
	0x01, 0x15, 0x2E, 0x01, 0x23, 0x22, 0x06, 0x15, 0x14, 0x16, 0x1F, 0x01,
	0x1E, 0x01, 0x15, 0x14, 0x06, 0x23, 0x22, 0x26, 0x27, 0x35, 0x1E, 0x01,
	0x33, 0x32, 0x36, 0x35, 0x34, 0x26, 0x2F, 0x01, 0x2E, 0x01, 0x35, 0x34,
	0x36, 0x33, 0x32, 0x16, 0x03, 0x30, 0x46, 0x97, 0x51, 0x7B, 0x7C, 0x59,
	0x85, 0x38, 0xB1, 0x94, 0xDE, 0xC2, 0x51, 0xB0, 0x61, 0x5C, 0xB2, 0x57,
	0x75, 0x7E, 0x5B, 0x9A, 0x39, 0x9A, 0x89, 0xCA, 0xB9, 0x5C, 0xA2, 0x04,
	0x3F, 0xAE, 0x28, 0x28, 0x54, 0x54, 0x40, 0x49, 0x21, 0x0E, 0x2A, 0x99,
	0x89, 0x9C, 0xB6, 0x23, 0x23, 0xBE, 0x35, 0x35, 0x59, 0x51, 0x4B, 0x50,
	0x25, 0x0F, 0x24, 0x95, 0x82, 0x9E, 0xAC, 0x1E, 0x00, 0x01, 0x00, 0x31,
	0x00, 0x00, 0x02, 0xA7, 0x05, 0x9E, 0x00, 0x13, 0x00, 0x00, 0x01, 0x11,
	0x21, 0x15, 0x21, 0x11, 0x14, 0x16, 0x3B, 0x01, 0x15, 0x23, 0x22, 0x26,
	0x35, 0x11, 0x23, 0x35, 0x33, 0x11, 0x01, 0x52, 0x01, 0x55, 0xFE, 0xAB,
	0x43, 0x67, 0xAB, 0xAB, 0xBF, 0x92, 0x79, 0x79, 0x05, 0x9E, 0xFE, 0xC2,
	0x8F, 0xFD, 0xA0, 0x89, 0x4E, 0x9A, 0x9F, 0xD2, 0x02, 0x60, 0x8F, 0x01,
	0x3E, 0x00, 0x00, 0x02, 0x00, 0x9C, 0xFF, 0xE3, 0x03, 0xE9, 0x04, 0x7B,
	0x00, 0x13, 0x00, 0x14, 0x00, 0x00, 0x13, 0x11, 0x33, 0x11, 0x14, 0x16,
	0x33, 0x32, 0x36, 0x35, 0x11, 0x33, 0x11, 0x23, 0x35, 0x0E, 0x01, 0x23,
	0x22, 0x26, 0x01, 0x9D, 0xA5, 0x70, 0x6F, 0x87, 0x9B, 0xA6, 0xA6, 0x3C,
	0x9F, 0x6A, 0xAD, 0xB4, 0x01, 0xA0, 0x01, 0xBA, 0x02, 0xA6, 0xFD, 0x61,
	0x9F, 0x9F, 0xBE, 0xA4, 0x02, 0x7B, 0xFB, 0xA0, 0xAC, 0x66, 0x63, 0xF0,
	0x03, 0xA8, 0x00, 0x01, 0x00, 0x36, 0x00, 0x00, 0x04, 0x0C, 0x04, 0x60,
	0x00, 0x06, 0x00, 0x00, 0x13, 0x33, 0x09, 0x01, 0x33, 0x01, 0x23, 0x37,
	0xAF, 0x01, 0x3B, 0x01, 0x3B, 0xB0, 0xFE, 0x86, 0xE1, 0x04, 0x60, 0xFC,
	0x54, 0x03, 0xAC, 0xFB, 0xA0, 0x00, 0x00, 0x01, 0x00, 0x4D, 0x00, 0x00,
	0x05, 0x97, 0x04, 0x60, 0x00, 0x0C, 0x00, 0x00, 0x13, 0x33, 0x1B, 0x01,
	0x33, 0x1B, 0x01, 0x33, 0x01, 0x23, 0x0B, 0x01, 0x23, 0x4D, 0xA6, 0xCF,
	0xCE, 0xC3, 0xCF, 0xCE, 0xA6, 0xFE, 0xF8, 0xC3, 0xD9, 0xDA, 0xC3, 0x04,
	0x60, 0xFC, 0x96, 0x03, 0x6A, 0xFC, 0x96, 0x03, 0x6A, 0xFB, 0xA0, 0x03,
	0x96, 0xFC, 0x6A, 0x00, 0x00, 0x01, 0x00, 0x35, 0x00, 0x00, 0x04, 0x07,
	0x04, 0x60, 0x00, 0x0B, 0x00, 0x00, 0x09, 0x02, 0x23, 0x09, 0x01, 0x23,
	0x09, 0x01, 0x33, 0x09, 0x01, 0x03, 0xF4, 0xFE, 0x93, 0x01, 0x7F, 0xC3,
	0xFE, 0xDB, 0xFE, 0xDA, 0xC3, 0x01, 0x88, 0xFE, 0x99, 0xC4, 0x01, 0x0B,
	0x01, 0x0B, 0x04, 0x60, 0xFD, 0xDF, 0xFD, 0xC1, 0x01, 0xB8, 0xFE, 0x48,
	0x02, 0x4A, 0x02, 0x16, 0xFE, 0x71, 0x01, 0x8F, 0x00, 0x01, 0x00, 0x36,
	0xFE, 0x56, 0x04, 0x0C, 0x04, 0x60, 0x00, 0x0F, 0x00, 0x00, 0x05, 0x0E,
	0x01, 0x2B, 0x01, 0x35, 0x33, 0x32, 0x36, 0x3F, 0x01, 0x01, 0x33, 0x09,
	0x01, 0x33, 0x02, 0x51, 0x46, 0x85, 0x70, 0x84, 0x61, 0x44, 0x4C, 0x2E,
	0x1E, 0xFE, 0x68, 0xAF, 0x01, 0x3B, 0x01, 0x3B, 0xB0, 0x68, 0xC8, 0x7A,
	0x9A, 0x48, 0x86, 0x54, 0x04, 0x4E, 0xFC, 0x94, 0x03, 0x6C, 0x00, 0x01,
	0x00, 0x4F, 0x00, 0x00, 0x03, 0x79, 0x04, 0x60, 0x00, 0x09, 0x00, 0x00,
	0x13, 0x21, 0x15, 0x01, 0x21, 0x15, 0x21, 0x35, 0x01, 0x21, 0x66, 0x03,
	0x12, 0xFD, 0x92, 0x02, 0x6E, 0xFC, 0xD7, 0x02, 0x6F, 0xFD, 0xA8, 0x04,
	0x60, 0xA8, 0xFC, 0xDB, 0x93, 0xA8, 0x03, 0x25, 0x00, 0x01, 0x00, 0xE6,
	0xFE, 0xB2, 0x03, 0xAF, 0x06, 0x14, 0x00, 0x24, 0x00, 0x00, 0x05, 0x15,
	0x23, 0x22, 0x26, 0x3D, 0x01, 0x34, 0x26, 0x2B, 0x01, 0x35, 0x33, 0x32,
	0x36, 0x3D, 0x01, 0x34, 0x36, 0x3B, 0x01, 0x15, 0x23, 0x22, 0x06, 0x1D,
	0x01, 0x14, 0x06, 0x07, 0x1E, 0x01, 0x1D, 0x01, 0x14, 0x16, 0x33, 0x03,
	0xAE, 0x38, 0xE0, 0x98, 0x61, 0x80, 0x37, 0x37, 0x81, 0x60, 0x98, 0xE0,
	0x38, 0x3D, 0x7F, 0x4D, 0x52, 0x63, 0x64, 0x51, 0x4D, 0x7F, 0xBE, 0x90,
	0x94, 0xDD, 0xEF, 0x97, 0x74, 0x8F, 0x73, 0x95, 0xF0, 0xDD, 0x93, 0x8F,
	0x58, 0x8D, 0xF8, 0x9D, 0x8E, 0x19, 0x1B, 0x8E, 0x9C, 0xF8, 0x8D, 0x58,
	0x00, 0x01, 0x00, 0xEA, 0xFE, 0x1D, 0x01, 0x83, 0x06, 0x1D, 0x00, 0x03,
	0x00, 0x00, 0x01, 0x11, 0x23, 0x11, 0x01, 0x83, 0x99, 0x06, 0x1D, 0xF8,
	0x00, 0x08, 0x00, 0x00, 0x00, 0x01, 0x00, 0xE6, 0xFE, 0xB2, 0x03, 0xAF,
	0x06, 0x14, 0x00, 0x24, 0x00, 0x00, 0x17, 0x33, 0x32, 0x36, 0x3D, 0x01,
	0x34, 0x36, 0x37, 0x2E, 0x01, 0x3D, 0x01, 0x34, 0x26, 0x2B, 0x01, 0x35,
	0x33, 0x32, 0x16, 0x1D, 0x01, 0x14, 0x16, 0x3B, 0x01, 0x15, 0x23, 0x22,
	0x06, 0x1D, 0x01, 0x14, 0x06, 0x2B, 0x01, 0xE6, 0x3F, 0x7E, 0x4D, 0x51,
	0x64, 0x64, 0x51, 0x4D, 0x7E, 0x3F, 0x39, 0xE0, 0x97, 0x61, 0x7F, 0x38,
	0x38, 0x7F, 0x61, 0x97, 0xE0, 0x39, 0xBE, 0x56, 0x8F, 0xF8, 0x9C, 0x8E,
	0x1B, 0x19, 0x8E, 0x9D, 0xF8, 0x8E, 0x57, 0x8F, 0x93, 0xDD, 0xF0, 0x95,
	0x73, 0x8F, 0x74, 0x97, 0xEF, 0xDD, 0x94, 0x00, 0x00, 0x01, 0x00, 0xC3,
	0x01, 0xD3, 0x05, 0x46, 0x03, 0x31, 0x00, 0x1D, 0x00, 0x00, 0x01, 0x15,
	0x0E, 0x01, 0x23, 0x22, 0x27, 0x26, 0x27, 0x26, 0x27, 0x26, 0x23, 0x22,
	0x06, 0x07, 0x35, 0x3E, 0x01, 0x33, 0x32, 0x17, 0x16, 0x17, 0x16, 0x17,
	0x16, 0x33, 0x32, 0x36, 0x05, 0x45, 0x5E, 0xA1, 0x58, 0x63, 0x83, 0x0A,
	0x05, 0x06, 0x0D, 0x8C, 0x54, 0x50, 0x9A, 0x59, 0x5F, 0xA1, 0x57, 0x63,
	0x85, 0x08, 0x05, 0x07, 0x0D, 0x8B, 0x55, 0x4D, 0x98, 0x03, 0x31, 0xB2,
	0x4F, 0x44, 0x3B, 0x04, 0x02, 0x03, 0x05, 0x3E, 0x4D, 0x53, 0xB2, 0x4F,
	0x45, 0x3C, 0x04, 0x02, 0x03, 0x05, 0x3E, 0x4C, 0x00, 0x02, 0x01, 0x16,
	0xFE, 0x8B, 0x01, 0xCD, 0x04, 0x60, 0x00, 0x03, 0x00, 0x09, 0x00, 0x00,
	0x01, 0x23, 0x35, 0x33, 0x11, 0x23, 0x11, 0x13, 0x33, 0x13, 0x01, 0xCD,
	0xB7, 0xB7, 0xB7, 0x13, 0x92, 0x12, 0x03, 0x62, 0xFE, 0xFA, 0x2B, 0x02,
	0x8F, 0x01, 0x65, 0xFE, 0x9B, 0x00, 0x00, 0x02, 0x00, 0x9A, 0xFE, 0xC7,
	0x03, 0xBA, 0x05, 0x98, 0x00, 0x06, 0x00, 0x21, 0x00, 0x00, 0x25, 0x11,
	0x0E, 0x01, 0x15, 0x14, 0x16, 0x01, 0x15, 0x2E, 0x01, 0x27, 0x03, 0x3E,
	0x01, 0x37, 0x15, 0x0E, 0x01, 0x07, 0x11, 0x23, 0x11, 0x26, 0x02, 0x11,
	0x10, 0x12, 0x37, 0x11, 0x33, 0x13, 0x1E, 0x01, 0x02, 0x62, 0x84, 0x94,
	0x94, 0x01, 0xDB, 0x43, 0x7A, 0x3D, 0x01, 0x3F, 0x7B, 0x41, 0x3A, 0x7C,
	0x45, 0x5C, 0xD9, 0xEE, 0xEE, 0xD9, 0x5C, 0x01, 0x42, 0x7B, 0x83, 0x03,
	0x58, 0x12, 0xE2, 0xB8, 0xB9, 0xE2, 0x03, 0xA1, 0xAC, 0x29, 0x2A, 0x03,
	0xFC, 0xA0, 0x05, 0x2A, 0x27, 0xAA, 0x1E, 0x23, 0x07, 0xFE, 0xE4, 0x01,
	0x20, 0x14, 0x01, 0x33, 0x01, 0x01, 0x01, 0x02, 0x01, 0x32, 0x16, 0x01,
	0x1F, 0xFE, 0xE1, 0x04, 0x21, 0x00, 0x00, 0x01, 0x00, 0x74, 0x00, 0x00,
	0x03, 0xF2, 0x05, 0xF0, 0x00, 0x1B, 0x00, 0x00, 0x01, 0x15, 0x2E, 0x01,
	0x23, 0x22, 0x06, 0x1D, 0x01, 0x21, 0x15, 0x21, 0x11, 0x21, 0x15, 0x21,
	0x35, 0x33, 0x11, 0x23, 0x35, 0x33, 0x35, 0x10, 0x36, 0x33, 0x32, 0x16,
	0x03, 0xE0, 0x45, 0x7A, 0x37, 0x85, 0x69, 0x01, 0x60, 0xFE, 0xA0, 0x01,
	0xF6, 0xFC, 0x82, 0xD4, 0xB3, 0xB3, 0xC1, 0xD1, 0x37, 0x88, 0x05, 0xB4,
	0xB6, 0x29, 0x29, 0x9B, 0xD4, 0xD7, 0x8F, 0xFE, 0x2F, 0xAA, 0xAA, 0x01,
	0xD1, 0x8F, 0xEE, 0x01, 0x05, 0xF3, 0x1F, 0x00, 0x00, 0x02, 0x00, 0x54,
	0x00, 0x52, 0x04, 0x43, 0x04, 0xB2, 0x00, 0x23, 0x00, 0x2F, 0x00, 0x00,
	0x01, 0x37, 0x17, 0x07, 0x1E, 0x01, 0x15, 0x14, 0x06, 0x07, 0x17, 0x07,
	0x27, 0x0E, 0x01, 0x23, 0x22, 0x26, 0x27, 0x07, 0x27, 0x37, 0x2E, 0x01,
	0x35, 0x34, 0x36, 0x37, 0x27, 0x37, 0x17, 0x3E, 0x01, 0x33, 0x32, 0x16,
	0x13, 0x34, 0x26, 0x23, 0x22, 0x06, 0x15, 0x14, 0x16, 0x33, 0x32, 0x36,
	0x03, 0x22, 0xBA, 0x67, 0xBA, 0x22, 0x20, 0x22, 0x24, 0xBC, 0x67, 0xBA,
	0x35, 0x68, 0x37, 0x34, 0x6C, 0x37, 0xBB, 0x65, 0xBA, 0x21, 0x22, 0x22,
	0x23, 0xBB, 0x68, 0xBA, 0x32, 0x68, 0x3A, 0x36, 0x69, 0x53, 0x8C, 0x66,
	0x65, 0x8E, 0x8D, 0x66, 0x65, 0x8D, 0x03, 0xE1, 0xD1, 0x73, 0xCE, 0x3B,
	0x77, 0x3E, 0x3F, 0x73, 0x39, 0xCF, 0x71, 0xCF, 0x28, 0x26, 0x25, 0x25,
	0xCF, 0x73, 0xCE, 0x3E, 0x76, 0x3A, 0x40, 0x74, 0x38, 0xCE, 0x73, 0xCF,
	0x27, 0x25, 0x24, 0xFE, 0x7C, 0x70, 0x9A, 0x9A, 0x70, 0x72, 0x9C, 0x9D,
	0x00, 0x01, 0x00, 0x49, 0x00, 0x00, 0x04, 0x4A, 0x05, 0xD5, 0x00, 0x18,
	0x00, 0x00, 0x01, 0x21, 0x11, 0x23, 0x11, 0x21, 0x35, 0x21, 0x35, 0x27,
	0x21, 0x35, 0x33, 0x01, 0x33, 0x09, 0x01, 0x33, 0x01, 0x33, 0x15, 0x21,
	0x07, 0x15, 0x21, 0x04, 0x18, 0xFE, 0x8D, 0xB5, 0xFE, 0x8A, 0x01, 0x76,
	0x4C, 0xFE, 0xD6, 0xED, 0xFE, 0xE3, 0xAB, 0x01, 0x55, 0x01, 0x53, 0xAC,
	0xFE, 0xE2, 0xED, 0xFE, 0xD7, 0x4C, 0x01, 0x75, 0x01, 0xC7, 0xFE, 0x39,
	0x01, 0xC7, 0x7B, 0x33, 0x9B, 0x7B, 0x02, 0x4A, 0xFD, 0x44, 0x02, 0xBC,
	0xFD, 0xB6, 0x7B, 0x9B, 0x33, 0x00, 0x00, 0x02, 0x00, 0xEA, 0xFE, 0xA2,
	0x01, 0x83, 0x05, 0x98, 0x00, 0x03, 0x00, 0x07, 0x00, 0x00, 0x01, 0x11,
	0x23, 0x11, 0x13, 0x11, 0x23, 0x11, 0x01, 0x83, 0x99, 0x99, 0x99, 0x01,
	0x98, 0xFD, 0x0A, 0x02, 0xF6, 0x04, 0x00, 0xFD, 0x0A, 0x02, 0xF6, 0x00,
	0x00, 0x02, 0x00, 0x52, 0xFF, 0x3D, 0x03, 0x45, 0x05, 0xF0, 0x00, 0x0B,
	0x00, 0x3E, 0x00, 0x00, 0x01, 0x0E, 0x01, 0x15, 0x14, 0x16, 0x17, 0x3E,
	0x01, 0x35, 0x34, 0x26, 0x13, 0x15, 0x2E, 0x01, 0x23, 0x22, 0x06, 0x15,
	0x14, 0x17, 0x16, 0x17, 0x1E, 0x01, 0x15, 0x14, 0x06, 0x07, 0x1E, 0x01,
	0x15, 0x14, 0x06, 0x23, 0x22, 0x26, 0x27, 0x35, 0x1E, 0x01, 0x33, 0x32,
	0x36, 0x35, 0x34, 0x2F, 0x01, 0x2E, 0x01, 0x35, 0x34, 0x36, 0x37, 0x2E,
	0x01, 0x35, 0x34, 0x36, 0x33, 0x32, 0x16, 0x01, 0x55, 0x39, 0x37, 0x7D,
	0xE1, 0x38, 0x38, 0x81, 0xB8, 0x4B, 0x80, 0x33, 0x57, 0x61, 0xB9, 0x18,
	0x0C, 0xBE, 0x76, 0x53, 0x54, 0x38, 0x34, 0xB8, 0x9C, 0x41, 0x8B, 0x4F,
	0x4E, 0x85, 0x34, 0x5C, 0x66, 0xC7, 0x16, 0xC1, 0x73, 0x53, 0x52, 0x35,
	0x35, 0xB4, 0x96, 0x41, 0x8A, 0x03, 0xA8, 0x2E, 0x5A, 0x2E, 0x4C, 0x85,
	0x87, 0x2D, 0x5B, 0x2E, 0x4B, 0x88, 0x02, 0x93, 0xA4, 0x27, 0x27, 0x50,
	0x47, 0x5A, 0x73, 0x0F, 0x08, 0x77, 0x9A, 0x65, 0x5A, 0x8C, 0x35, 0x34,
	0x6D, 0x40, 0x8E, 0xA8, 0x1D, 0x1D, 0xA4, 0x27, 0x27, 0x54, 0x4C, 0x66,
	0x7B, 0x0E, 0x78, 0x99, 0x66, 0x5B, 0x8F, 0x31, 0x2C, 0x70, 0x45, 0x82,
	0x9F, 0x1D, 0x00, 0x02, 0x00, 0xC1, 0x05, 0x46, 0x02, 0xD9, 0x06, 0x10,
	0x00, 0x03, 0x00, 0x07, 0x00, 0x00, 0x01, 0x33, 0x15, 0x23, 0x25, 0x33,
	0x15, 0x23, 0x02, 0x21, 0xB7, 0xB7, 0xFE, 0xA1, 0xB6, 0xB6, 0x06, 0x10,
	0xCA, 0xCA, 0xCA, 0x00, 0x00, 0x03, 0x00, 0xFE, 0x00, 0x00, 0x06, 0x35,
	0x05, 0xCD, 0x00, 0x17, 0x00, 0x2F, 0x00, 0x49, 0x00, 0x00, 0x01, 0x32,
	0x16, 0x17, 0x16, 0x12, 0x15, 0x14, 0x02, 0x07, 0x0E, 0x01, 0x23, 0x22,
	0x26, 0x27, 0x26, 0x02, 0x35, 0x34, 0x12, 0x37, 0x3E, 0x01, 0x17, 0x22,
	0x06, 0x07, 0x0E, 0x01, 0x15, 0x14, 0x16, 0x17, 0x1E, 0x01, 0x33, 0x32,
	0x36, 0x37, 0x3E, 0x01, 0x35, 0x34, 0x26, 0x27, 0x2E, 0x01, 0x17, 0x15,
	0x2E, 0x01, 0x23, 0x22, 0x06, 0x15, 0x14, 0x16, 0x33, 0x32, 0x36, 0x37,
	0x15, 0x0E, 0x01, 0x23, 0x22, 0x26, 0x35, 0x34, 0x36, 0x33, 0x32, 0x16,
	0x03, 0x9A, 0x88, 0xED, 0x62, 0x62, 0x61, 0x61, 0x62, 0x62, 0xED, 0x88,
	0x89, 0xED, 0x62, 0x62, 0x61, 0x61, 0x62, 0x62, 0xED, 0x89, 0x76, 0xCC,
	0x54, 0x55, 0x56, 0x56, 0x55, 0x54, 0xCC, 0x76, 0x76, 0xCD, 0x54, 0x54,
	0x54, 0x55, 0x53, 0x54, 0xCD, 0x97, 0x3C, 0x75, 0x3B, 0x86, 0x97, 0x9A,
	0x8C, 0x3A, 0x6D, 0x3C, 0x3D, 0x7B, 0x3F, 0xC2, 0xE2, 0xE2, 0xC2, 0x42,
	0x7A, 0x05, 0xCD, 0x6E, 0x6D, 0x6D, 0xFE, 0xFA, 0x9A, 0x98, 0xFE, 0xFB,
	0x6D, 0x6D, 0x6E, 0x6E, 0x6D, 0x6D, 0x01, 0x05, 0x98, 0x9A, 0x01, 0x06,
	0x6D, 0x6D, 0x6E, 0x67, 0x5E, 0x5E, 0x5E, 0xE5, 0x82, 0x81, 0xE3, 0x5E,
	0x5E, 0x5F, 0x5F, 0x5E, 0x5D, 0xE2, 0x83, 0x85, 0xE3, 0x5D, 0x5E, 0x5E,
	0xF5, 0x81, 0x21, 0x20, 0xAF, 0x9D, 0x9F, 0xAE, 0x1F, 0x22, 0x7F, 0x1D,
	0x1C, 0xF4, 0xD0, 0xD1, 0xF2, 0x1C, 0x00, 0x03, 0x00, 0x67, 0x01, 0xD5,
	0x02, 0xE9, 0x05, 0xF0, 0x00, 0x03, 0x00, 0x1E, 0x00, 0x29, 0x00, 0x00,
	0x13, 0x21, 0x15, 0x21, 0x01, 0x11, 0x23, 0x35, 0x0E, 0x01, 0x23, 0x22,
	0x26, 0x35, 0x34, 0x36, 0x3B, 0x01, 0x35, 0x34, 0x26, 0x23, 0x22, 0x06,
	0x07, 0x35, 0x3E, 0x01, 0x33, 0x32, 0x16, 0x07, 0x22, 0x06, 0x15, 0x14,
	0x16, 0x33, 0x32, 0x36, 0x3D, 0x01, 0x7D, 0x02, 0x6B, 0xFD, 0x95, 0x02,
	0x69, 0x86, 0x27, 0x82, 0x53, 0x74, 0x88, 0xAB, 0xAA, 0xA3, 0x69, 0x69,
	0x38, 0x7A, 0x3E, 0x42, 0x83, 0x3E, 0xA4, 0xA1, 0xF8, 0x91, 0x71, 0x58,
	0x4A, 0x5D, 0x75, 0x02, 0x50, 0x7B, 0x02, 0xB8, 0xFE, 0x40, 0x70, 0x3F,
	0x44, 0x87, 0x71, 0x87, 0x8A, 0x04, 0x5B, 0x5B, 0x22, 0x22, 0x7F, 0x1C,
	0x1C, 0xB0, 0xF0, 0x43, 0x4F, 0x40, 0x4D, 0x90, 0x72, 0x1D, 0x00, 0x02,
	0x00, 0x8E, 0x00, 0x8D, 0x03, 0xBB, 0x04, 0x23, 0x00, 0x06, 0x00, 0x0D,
	0x00, 0x00, 0x01, 0x15, 0x09, 0x01, 0x15, 0x01, 0x35, 0x13, 0x15, 0x09,
	0x01, 0x15, 0x01, 0x35, 0x03, 0xBB, 0xFE, 0xF1, 0x01, 0x0F, 0xFE, 0x5A,
	0x1F, 0xFE, 0xF1, 0x01, 0x0F, 0xFE, 0x5A, 0x04, 0x23, 0xBF, 0xFE, 0xF4,
	0xFE, 0xF4, 0xBF, 0x01, 0xA2, 0x52, 0x01, 0xA2, 0xBF, 0xFE, 0xF4, 0xFE,
	0xF4, 0xBF, 0x01, 0xA2, 0x52, 0x00, 0x00, 0x01, 0x00, 0xC3, 0x01, 0x1F,
	0x05, 0x46, 0x03, 0x5E, 0x00, 0x05, 0x00, 0x00, 0x13, 0x21, 0x11, 0x23,
	0x11, 0x21, 0xC3, 0x04, 0x82, 0x97, 0xFC, 0x15, 0x03, 0x5E, 0xFD, 0xC1,
	0x01, 0x95, 0x00, 0x01, 0x00, 0x5A, 0x01, 0xDF, 0x02, 0x40, 0x02, 0x83,
	0x00, 0x03, 0x00, 0x00, 0x13, 0x21, 0x15, 0x21, 0x5A, 0x01, 0xE5, 0xFE,
	0x1B, 0x02, 0x83, 0xA4, 0x00, 0x04, 0x00, 0xFE, 0x00, 0x00, 0x06, 0x35,
	0x05, 0xCD, 0x00, 0x17, 0x00, 0x2F, 0x00, 0x38, 0x00, 0x4C, 0x00, 0x00,
	0x01, 0x22, 0x06, 0x07, 0x0E, 0x01, 0x15, 0x14, 0x16, 0x17, 0x1E, 0x01,
	0x33, 0x32, 0x36, 0x37, 0x3E, 0x01, 0x35, 0x34, 0x26, 0x27, 0x2E, 0x01,
	0x27, 0x32, 0x16, 0x17, 0x16, 0x12, 0x15, 0x14, 0x02, 0x07, 0x0E, 0x01,
	0x23, 0x22, 0x26, 0x27, 0x26, 0x02, 0x35, 0x34, 0x12, 0x37, 0x3E, 0x01,
	0x13, 0x23, 0x11, 0x33, 0x32, 0x36, 0x35, 0x34, 0x26, 0x27, 0x32, 0x16,
	0x15, 0x14, 0x06, 0x07, 0x1E, 0x01, 0x1F, 0x01, 0x23, 0x27, 0x2E, 0x01,
	0x2B, 0x01, 0x11, 0x23, 0x11, 0x03, 0x9A, 0x76, 0xCC, 0x54, 0x55, 0x56,
	0x56, 0x55, 0x54, 0xCC, 0x76, 0x76, 0xCD, 0x54, 0x54, 0x54, 0x55, 0x53,
	0x54, 0xCD, 0x76, 0x88, 0xED, 0x62, 0x62, 0x61, 0x61, 0x62, 0x62, 0xED,
	0x88, 0x89, 0xED, 0x62, 0x62, 0x61, 0x61, 0x62, 0x62, 0xED, 0x70, 0x6E,
	0x6E, 0x63, 0x4F, 0x50, 0x5B, 0x9E, 0x9D, 0x5F, 0x56, 0x15, 0x3D, 0x29,
	0x7B, 0x9A, 0x75, 0x35, 0x41, 0x31, 0x3B, 0x8C, 0x05, 0x66, 0x5E, 0x5E,
	0x5E, 0xE5, 0x82, 0x81, 0xE3, 0x5E, 0x5E, 0x5F, 0x5F, 0x5E, 0x5D, 0xE2,
	0x83, 0x85, 0xE3, 0x5D, 0x5E, 0x5E, 0x67, 0x6E, 0x6D, 0x6D, 0xFE, 0xFA,
	0x9A, 0x98, 0xFE, 0xFB, 0x6D, 0x6D, 0x6E, 0x6E, 0x6D, 0x6D, 0x01, 0x05,
	0x98, 0x9A, 0x01, 0x06, 0x6D, 0x6D, 0x6E, 0xFE, 0x62, 0xFE, 0xEC, 0x3E,
	0x4B, 0x4C, 0x3F, 0x67, 0x77, 0x79, 0x56, 0x70, 0x11, 0x08, 0x4D, 0x49,
	0xDF, 0xD1, 0x60, 0x33, 0xFE, 0x9C, 0x03, 0x44, 0x00, 0x01, 0x00, 0xBF,
	0x05, 0x62, 0x02, 0xDA, 0x05, 0xF6, 0x00, 0x03, 0x00, 0x00, 0x13, 0x21,
	0x15, 0x21, 0xC0, 0x02, 0x1A, 0xFD, 0xE6, 0x05, 0xF6, 0x94, 0x00, 0x02,
	0x00, 0xAF, 0x03, 0x75, 0x02, 0xEB, 0x05, 0xF0, 0x00, 0x0B, 0x00, 0x1A,
	0x00, 0x00, 0x01, 0x22, 0x06, 0x15, 0x14, 0x16, 0x33, 0x32, 0x36, 0x35,
	0x34, 0x26, 0x27, 0x32, 0x16, 0x17, 0x1E, 0x01, 0x15, 0x14, 0x06, 0x23,
	0x22, 0x26, 0x35, 0x34, 0x36, 0x01, 0xCD, 0x48, 0x63, 0x63, 0x48, 0x48,
	0x63, 0x64, 0x47, 0x39, 0x6B, 0x26, 0x2A, 0x29, 0xA6, 0x79, 0x79, 0xA2,
	0xA5, 0x05, 0x6F, 0x6F, 0x50, 0x4F, 0x6D, 0x6D, 0x4F, 0x4F, 0x70, 0x81,
	0x31, 0x2E, 0x2D, 0x72, 0x42, 0x84, 0xB7, 0xB4, 0x87, 0x86, 0xBA, 0x00,
	0x00, 0x02, 0x00, 0xC3, 0x00, 0x00, 0x05, 0x46, 0x05, 0x04, 0x00, 0x0B,
	0x00, 0x0F, 0x00, 0x00, 0x01, 0x11, 0x21, 0x15, 0x21, 0x11, 0x23, 0x11,
	0x21, 0x35, 0x21, 0x11, 0x01, 0x21, 0x15, 0x21, 0x03, 0x50, 0x01, 0xF5,
	0xFE, 0x0B, 0x97, 0xFE, 0x0A, 0x01, 0xF6, 0xFE, 0x0A, 0x04, 0x82, 0xFB,
	0x7E, 0x05, 0x04, 0xFE, 0x7D, 0xAA, 0xFE, 0x7D, 0x01, 0x83, 0xAA, 0x01,
	0x83, 0xFB, 0xA6, 0xAA, 0x00, 0x01, 0x00, 0x54, 0x02, 0x9C, 0x02, 0x6F,
	0x05, 0xF0, 0x00, 0x18, 0x00, 0x00, 0x13, 0x21, 0x15, 0x21, 0x35, 0x36,
	0x37, 0x00, 0x35, 0x34, 0x26, 0x23, 0x22, 0x06, 0x07, 0x35, 0x3E, 0x01,
	0x33, 0x32, 0x16, 0x15, 0x14, 0x01, 0x06, 0xF1, 0x01, 0x7E, 0xFD, 0xE6,
	0x1E, 0x39, 0x01, 0x36, 0x5E, 0x4D, 0x2E, 0x6E, 0x41, 0x45, 0x78, 0x33,
	0x83, 0x9C, 0xFE, 0xD7, 0x33, 0x03, 0x0E, 0x72, 0x6E, 0x1F, 0x38, 0x01,
	0x31, 0x5E, 0x42, 0x51, 0x23, 0x23, 0x7B, 0x1C, 0x1C, 0x84, 0x6C, 0x8B,
	0xFE, 0xE4, 0x30, 0x00, 0x00, 0x01, 0x00, 0x58, 0x02, 0x8D, 0x02, 0x86,
	0x05, 0xF0, 0x00, 0x28, 0x00, 0x00, 0x01, 0x1E, 0x01, 0x15, 0x14, 0x06,
	0x23, 0x22, 0x26, 0x27, 0x35, 0x1E, 0x01, 0x33, 0x32, 0x36, 0x35, 0x34,
	0x26, 0x2B, 0x01, 0x35, 0x33, 0x32, 0x36, 0x35, 0x34, 0x26, 0x23, 0x22,
	0x06, 0x07, 0x35, 0x3E, 0x01, 0x33, 0x32, 0x16, 0x15, 0x14, 0x06, 0x01,
	0xD8, 0x52, 0x5B, 0xAB, 0x9F, 0x33, 0x71, 0x3F, 0x2F, 0x6B, 0x3C, 0x62,
	0x6C, 0x63, 0x62, 0x4D, 0x55, 0x54, 0x57, 0x5A, 0x55, 0x24, 0x5C, 0x49,
	0x42, 0x73, 0x32, 0x81, 0x98, 0x51, 0x04, 0x60, 0x12, 0x6D, 0x52, 0x7C,
	0x86, 0x15, 0x14, 0x79, 0x1B, 0x1A, 0x4F, 0x46, 0x4A, 0x4C, 0x6C, 0x3F,
	0x3C, 0x3A, 0x3D, 0x12, 0x17, 0x73, 0x11, 0x12, 0x76, 0x63, 0x45, 0x60,
	0x00, 0x01, 0x01, 0x4D, 0x04, 0xEE, 0x02, 0xFD, 0x06, 0x66, 0x00, 0x03,
	0x00, 0x00, 0x01, 0x33, 0x01, 0x23, 0x02, 0x4A, 0xB3, 0xFE, 0xDB, 0x8A,
	0x06, 0x66, 0xFE, 0x88, 0x00, 0x01, 0x00, 0x9C, 0xFE, 0x56, 0x04, 0x68,
	0x04, 0x60, 0x00, 0x20, 0x00, 0x00, 0x13, 0x11, 0x33, 0x11, 0x14, 0x16,
	0x33, 0x32, 0x36, 0x35, 0x11, 0x33, 0x11, 0x14, 0x16, 0x33, 0x32, 0x36,
	0x37, 0x15, 0x0E, 0x01, 0x23, 0x22, 0x26, 0x27, 0x0E, 0x01, 0x23, 0x22,
	0x26, 0x27, 0x11, 0x9D, 0xA5, 0x7C, 0x7A, 0x85, 0x86, 0xA6, 0x1F, 0x22,
	0x08, 0x1C, 0x1A, 0x25, 0x42, 0x1F, 0x3E, 0x4A, 0x0E, 0x2D, 0x82, 0x59,
	0x5B, 0x81, 0x26, 0xFE, 0x56, 0x06, 0x0A, 0xFD, 0x48, 0x91, 0x94, 0xA8,
	0xA8, 0x02, 0x8D, 0xFC, 0xA2, 0x3C, 0x39, 0x0B, 0x0C, 0x94, 0x17, 0x16,
	0x4E, 0x50, 0x4F, 0x4F, 0x4E, 0x4E, 0xFD, 0xD7, 0x00, 0x01, 0x00, 0x8E,
	0xFF, 0x3B, 0x03, 0xCD, 0x05, 0xD5, 0x00, 0x0D, 0x00, 0x00, 0x01, 0x21,
	0x11, 0x23, 0x11, 0x23, 0x11, 0x23, 0x11, 0x2E, 0x01, 0x35, 0x34, 0x36,
	0x02, 0x3A, 0x01, 0x93, 0x7F, 0xAB, 0x80, 0xC1, 0xD4, 0xEA, 0x05, 0xD5,
	0xF9, 0x66, 0x06, 0x1F, 0xF9, 0xE1, 0x03, 0x4E, 0x11, 0xDD, 0xB8, 0xBE,
	0xE8, 0x00, 0x00, 0x01, 0x00, 0xC5, 0x02, 0x48, 0x01, 0x83, 0x03, 0x46,
	0x00, 0x03, 0x00, 0x00, 0x13, 0x33, 0x15, 0x23, 0xC5, 0xBE, 0xBE, 0x03,
	0x46, 0xFE, 0x00, 0x01, 0x01, 0x05, 0xFE, 0x75, 0x02, 0x7B, 0x00, 0x00,
	0x00, 0x13, 0x00, 0x00, 0x21, 0x1E, 0x01, 0x15, 0x14, 0x06, 0x23, 0x22,
	0x26, 0x27, 0x35, 0x1E, 0x01, 0x33, 0x32, 0x36, 0x35, 0x34, 0x26, 0x27,
	0x02, 0x18, 0x32, 0x30, 0x6C, 0x6A, 0x29, 0x4E, 0x27, 0x1E, 0x43, 0x2A,
	0x35, 0x36, 0x26, 0x29, 0x3E, 0x69, 0x30, 0x59, 0x5B, 0x0C, 0x0C, 0x83,
	0x11, 0x0F, 0x30, 0x2E, 0x1E, 0x57, 0x3D, 0x00, 0x00, 0x01, 0x00, 0x7B,
	0x02, 0x9C, 0x02, 0x7F, 0x05, 0xDF, 0x00, 0x0A, 0x00, 0x00, 0x13, 0x33,
	0x11, 0x07, 0x35, 0x37, 0x33, 0x11, 0x33, 0x15, 0x21, 0x8C, 0xB8, 0xC9,
	0xCF, 0x7C, 0xB8, 0xFE, 0x0E, 0x03, 0x0A, 0x02, 0x63, 0x29, 0x74, 0x27,
	0xFD, 0x2B, 0x6E, 0x00, 0x00, 0x03, 0x00, 0x56, 0x01, 0xD5, 0x03, 0x0E,
	0x05, 0xF0, 0x00, 0x03, 0x00, 0x0F, 0x00, 0x1B, 0x00, 0x00, 0x13, 0x21,
	0x15, 0x21, 0x01, 0x32, 0x16, 0x15, 0x14, 0x06, 0x23, 0x22, 0x26, 0x35,
	0x34, 0x36, 0x17, 0x22, 0x06, 0x15, 0x14, 0x16, 0x33, 0x32, 0x36, 0x35,
	0x34, 0x26, 0x7D, 0x02, 0x6B, 0xFD, 0x95, 0x01, 0x36, 0xA1, 0xB9, 0xB9,
	0xA1, 0xA1, 0xBC, 0xBC, 0xA1, 0x5F, 0x71, 0x72, 0x5E, 0x5E, 0x71, 0x70,
	0x02, 0x50, 0x7B, 0x04, 0x1B, 0xDD, 0xBF, 0xBF, 0xDB, 0xDC, 0xBE, 0xBF,
	0xDD, 0x73, 0xA1, 0x88, 0x85, 0xA0, 0xA0, 0x85, 0x89, 0xA0, 0x00, 0x02,
	0x00, 0xAD, 0x00, 0x8D, 0x03, 0xDB, 0x04, 0x23, 0x00, 0x06, 0x00, 0x0D,
	0x00, 0x00, 0x13, 0x01, 0x15, 0x01, 0x35, 0x09, 0x01, 0x25, 0x01, 0x15,
	0x01, 0x35, 0x09, 0x01, 0xAE, 0x01, 0xA6, 0xFE, 0x5A, 0x01, 0x0F, 0xFE,
	0xF1, 0x01, 0x86, 0x01, 0xA6, 0xFE, 0x5A, 0x01, 0x0F, 0xFE, 0xF1, 0x04,
	0x23, 0xFE, 0x5E, 0x52, 0xFE, 0x5E, 0xBF, 0x01, 0x0C, 0x01, 0x0C, 0xBF,
	0xFE, 0x5E, 0x52, 0xFE, 0x5E, 0xBF, 0x01, 0x0C, 0x01, 0x0C, 0xFF, 0xFF,
	0x00, 0x7B, 0xFF, 0xE3, 0x06, 0xC0, 0x05, 0xF0, 0x10, 0x26, 0x00, 0x79,
	0x00, 0x00, 0x10, 0x27, 0x00, 0xCC, 0x04, 0x17, 0xFD, 0x64, 0x10, 0x07,
	0x00, 0xCB, 0x02, 0xE3, 0x00, 0x00, 0xFF, 0xFF, 0x00, 0x7B, 0xFF, 0xE3,
	0x06, 0x86, 0x05, 0xF0, 0x10, 0x26, 0x00, 0x79, 0x00, 0x00, 0x10, 0x27,
	0x00, 0x72, 0x04, 0x17, 0xFD, 0x64, 0x10, 0x07, 0x00, 0xCB, 0x02, 0xE3,
	0x00, 0x00, 0xFF, 0xFF, 0x00, 0x58, 0xFF, 0xE3, 0x06, 0xC0, 0x05, 0xF0,
	0x10, 0x26, 0x00, 0x73, 0x00, 0x00, 0x10, 0x27, 0x00, 0xCC, 0x04, 0x17,
	0xFD, 0x64, 0x10, 0x07, 0x00, 0xCB, 0x02, 0xE3, 0x00, 0x00, 0x00, 0x02,
	0x00, 0x80, 0xFE, 0x6E, 0x03, 0x4E, 0x04, 0x60, 0x00, 0x20, 0x00, 0x24,
	0x00, 0x00, 0x01, 0x33, 0x15, 0x14, 0x06, 0x0F, 0x01, 0x0E, 0x01, 0x15,
	0x14, 0x16, 0x33, 0x32, 0x36, 0x37, 0x15, 0x0E, 0x01, 0x23, 0x22, 0x26,
	0x35, 0x34, 0x36, 0x3F, 0x01, 0x3E, 0x01, 0x37, 0x3E, 0x01, 0x35, 0x13,
	0x23, 0x35, 0x33, 0x01, 0xC2, 0xAB, 0x31, 0x52, 0x50, 0x35, 0x2E, 0x76,
	0x62, 0x47, 0xA2, 0x56, 0x55, 0xAC, 0x5D, 0xA6, 0xC9, 0x41, 0x50, 0x50,
	0x2B, 0x22, 0x07, 0x07, 0x05, 0xB0, 0xB5, 0xB5, 0x02, 0xCF, 0x9C, 0x65,
	0x82, 0x57, 0x58, 0x35, 0x5E, 0x31, 0x59, 0x6E, 0x46, 0x43, 0xBC, 0x39,
	0x38, 0xC2, 0x9F, 0x4C, 0x89, 0x56, 0x56, 0x2F, 0x35, 0x19, 0x15, 0x3C,
	0x36, 0x01, 0x0E, 0xFE, 0xFF, 0xFF, 0x00, 0x0E, 0x00, 0x00, 0x04, 0xDE,
	0x07, 0x6B, 0x12, 0x26, 0x00, 0x22, 0x00, 0x00, 0x10, 0x07, 0x00, 0xE3,
	0x04, 0x43, 0x01, 0x75, 0xFF, 0xFF, 0x00, 0x0E, 0x00, 0x00, 0x04, 0xDE,
	0x07, 0x6B, 0x12, 0x26, 0x00, 0x22, 0x00, 0x00, 0x10, 0x07, 0x00, 0xE1,
	0x04, 0x43, 0x01, 0x75, 0xFF, 0xFF, 0x00, 0x0E, 0x00, 0x00, 0x04, 0xDE,
	0x07, 0x6D, 0x12, 0x26, 0x00, 0x22, 0x00, 0x00, 0x10, 0x07, 0x00, 0xE4,
	0x04, 0x43, 0x01, 0x75, 0xFF, 0xFF, 0x00, 0x0E, 0x00, 0x00, 0x04, 0xDE,
	0x07, 0x5E, 0x12, 0x26, 0x00, 0x22, 0x00, 0x00, 0x10, 0x07, 0x00, 0xE2,
	0x04, 0x43, 0x01, 0x75, 0xFF, 0xFF, 0x00, 0x0E, 0x00, 0x00, 0x04, 0xDE,
	0x07, 0x4E, 0x12, 0x26, 0x00, 0x22, 0x00, 0x00, 0x10, 0x07, 0x00, 0xE0,
	0x04, 0x43, 0x01, 0x75, 0x00, 0x03, 0x00, 0x0E, 0x00, 0x00, 0x04, 0xDE,
	0x07, 0x6D, 0x00, 0x0B, 0x00, 0x0E, 0x00, 0x21, 0x00, 0x00, 0x01, 0x34,
	0x26, 0x23, 0x22, 0x06, 0x15, 0x14, 0x16, 0x33, 0x32, 0x36, 0x0B, 0x01,
	0x21, 0x01, 0x2E, 0x01, 0x35, 0x34, 0x36, 0x33, 0x32, 0x16, 0x15, 0x14,
	0x06, 0x07, 0x01, 0x23, 0x03, 0x21, 0x03, 0x23, 0x02, 0xFF, 0x50, 0x39,
	0x3A, 0x4E, 0x4F, 0x39, 0x39, 0x50, 0x89, 0xF5, 0x01, 0xEB, 0xFE, 0x82,
	0x37, 0x38, 0x8F, 0x68, 0x67, 0x91, 0x39, 0x36, 0x01, 0xDF, 0xBD, 0x7B,
	0xFD, 0xA2, 0x7A, 0xC0, 0x06, 0x5A, 0x3F, 0x59, 0x57, 0x41, 0x3F, 0x58,
	0x58, 0xFE, 0xF3, 0xFD, 0x19, 0x03, 0x4E, 0x29, 0x73, 0x49, 0x73, 0xA0,
	0xA1, 0x72, 0x46, 0x76, 0x29, 0xFA, 0x8B, 0x01, 0x7F, 0xFE, 0x81, 0x00,
	0x00, 0x02, 0x00, 0x07, 0x00, 0x00, 0x06, 0x8E, 0x05, 0xD5, 0x00, 0x0F,
	0x00, 0x13, 0x00, 0x00, 0x01, 0x15, 0x21, 0x11, 0x21, 0x15, 0x21, 0x11,
	0x21, 0x15, 0x21, 0x11, 0x21, 0x03, 0x23, 0x01, 0x17, 0x01, 0x21, 0x11,
	0x06, 0x7C, 0xFD, 0x66, 0x02, 0x80, 0xFD, 0x80, 0x02, 0xAC, 0xFC, 0x9D,
	0xFE, 0x25, 0x90, 0xB9, 0x02, 0x33, 0x7D, 0xFE, 0xD7, 0x01, 0x9D, 0x05,
	0xD5, 0xAA, 0xFE, 0x46, 0xAA, 0xFD, 0xE3, 0xAA, 0x01, 0x7F, 0xFE, 0x81,
	0x05, 0xD5, 0x9E, 0xFC, 0xF0, 0x03, 0x10, 0x00, 0xFF, 0xFF, 0x00, 0x67,
	0xFE, 0x75, 0x04, 0xA4, 0x05, 0xF0, 0x12, 0x26, 0x00, 0x24, 0x00, 0x00,
	0x10, 0x07, 0x00, 0x78, 0x01, 0x0F, 0x00, 0x00, 0xFF, 0xFF, 0x00, 0xB4,
	0x00, 0x00, 0x04, 0x17, 0x07, 0x6B, 0x12, 0x26, 0x00, 0x26, 0x00, 0x00,
	0x10, 0x07, 0x00, 0xE3, 0x04, 0x28, 0x01, 0x75, 0xFF, 0xFF, 0x00, 0xB4,
	0x00, 0x00, 0x04, 0x17, 0x07, 0x6B, 0x12, 0x26, 0x00, 0x26, 0x00, 0x00,
	0x10, 0x07, 0x00, 0xE1, 0x04, 0x28, 0x01, 0x75, 0xFF, 0xFF, 0x00, 0xB4,
	0x00, 0x00, 0x04, 0x17, 0x07, 0x6D, 0x12, 0x26, 0x00, 0x26, 0x00, 0x00,
	0x10, 0x07, 0x00, 0xE4, 0x04, 0x28, 0x01, 0x75, 0xFF, 0xFF, 0x00, 0xB4,
	0x00, 0x00, 0x04, 0x17, 0x07, 0x4E, 0x12, 0x26, 0x00, 0x26, 0x00, 0x00,
	0x10, 0x07, 0x00, 0xE0, 0x04, 0x28, 0x01, 0x75, 0xFF, 0xFF, 0x00, 0x35,
	0x00, 0x00, 0x01, 0x8E, 0x07, 0x6B, 0x12, 0x26, 0x00, 0x2A, 0x00, 0x00,
	0x10, 0x07, 0x00, 0xE3, 0x02, 0xDE, 0x01, 0x75, 0xFF, 0xFF, 0x00, 0x91,
	0x00, 0x00, 0x01, 0xE9, 0x07, 0x6B, 0x12, 0x26, 0x00, 0x2A, 0x00, 0x00,
	0x10, 0x07, 0x00, 0xE1, 0x02, 0xDE, 0x01, 0x75, 0xFF, 0xFF, 0xFF, 0xFE,
	0x00, 0x00, 0x02, 0x24, 0x07, 0x6D, 0x12, 0x26, 0x00, 0x2A, 0x00, 0x00,
	0x10, 0x07, 0x00, 0xE4, 0x02, 0xDE, 0x01, 0x75, 0xFF, 0xFF, 0x00, 0x05,
	0x00, 0x00, 0x02, 0x1C, 0x07, 0x4E, 0x12, 0x26, 0x00, 0x2A, 0x00, 0x00,
	0x10, 0x07, 0x00, 0xE0, 0x02, 0xDE, 0x01, 0x75, 0x00, 0x02, 0x00, 0x09,
	0x00, 0x00, 0x05, 0x28, 0x05, 0xD5, 0x00, 0x0C, 0x00, 0x19, 0x00, 0x00,
	0x13, 0x21, 0x20, 0x00, 0x11, 0x10, 0x00, 0x29, 0x01, 0x11, 0x23, 0x35,
	0x33, 0x13, 0x11, 0x21, 0x15, 0x21, 0x11, 0x33, 0x20, 0x00, 0x11, 0x10,
	0x00, 0x21, 0xBE, 0x01, 0x76, 0x01, 0x86, 0x01, 0x6D, 0xFE, 0x92, 0xFE,
	0x7B, 0xFE, 0x8A, 0xB5, 0xB5, 0xB7, 0x01, 0x2E, 0xFE, 0xD2, 0xDA, 0x01,
	0x16, 0x01, 0x03, 0xFE, 0xFD, 0xFE, 0xEA, 0x05, 0xD5, 0xFE, 0x97, 0xFE,
	0x80, 0xFE, 0x7E, 0xFE, 0x96, 0x02, 0xBC, 0x90, 0x01, 0xE3, 0xFE, 0x1D,
	0x90, 0xFD, 0xEA, 0x01, 0x18, 0x01, 0x2E, 0x01, 0x2C, 0x01, 0x17, 0x00,
	0xFF, 0xFF, 0x00, 0xB4, 0x00, 0x00, 0x04, 0xAE, 0x07, 0x5E, 0x12, 0x26,
	0x00, 0x2F, 0x00, 0x00, 0x10, 0x07, 0x00, 0xE2, 0x04, 0x7E, 0x01, 0x75,
	0xFF, 0xFF, 0x00, 0x67, 0xFF, 0xE3, 0x05, 0x44, 0x07, 0x6B, 0x12, 0x26,
	0x00, 0x30, 0x00, 0x00, 0x10, 0x07, 0x00, 0xE3, 0x04, 0xA3, 0x01, 0x75,
	0xFF, 0xFF, 0x00, 0x67, 0xFF, 0xE3, 0x05, 0x44, 0x07, 0x6B, 0x12, 0x26,
	0x00, 0x30, 0x00, 0x00, 0x10, 0x07, 0x00, 0xE1, 0x04, 0xA3, 0x01, 0x75,
	0xFF, 0xFF, 0x00, 0x67, 0xFF, 0xE3, 0x05, 0x44, 0x07, 0x6D, 0x12, 0x26,
	0x00, 0x30, 0x00, 0x00, 0x10, 0x07, 0x00, 0xE4, 0x04, 0xA3, 0x01, 0x75,
	0xFF, 0xFF, 0x00, 0x67, 0xFF, 0xE3, 0x05, 0x44, 0x07, 0x5E, 0x12, 0x26,
	0x00, 0x30, 0x00, 0x00, 0x10, 0x07, 0x00, 0xE2, 0x04, 0xA3, 0x01, 0x75,
	0xFF, 0xFF, 0x00, 0x67, 0xFF, 0xE3, 0x05, 0x44, 0x07, 0x4E, 0x12, 0x26,
	0x00, 0x30, 0x00, 0x00, 0x10, 0x07, 0x00, 0xE0, 0x04, 0xA3, 0x01, 0x75,
	0x00, 0x01, 0x00, 0xFC, 0x00, 0x3F, 0x05, 0x0D, 0x04, 0xC5, 0x00, 0x0B,
	0x00, 0x00, 0x09, 0x02, 0x07, 0x09, 0x01, 0x27, 0x09, 0x01, 0x37, 0x09,
	0x01, 0x05, 0x0C, 0xFE, 0x65, 0x01, 0x9B, 0x6B, 0xFE, 0x63, 0xFE, 0x63,
	0x6A, 0x01, 0x9A, 0xFE, 0x66, 0x6A, 0x01, 0x9D, 0x01, 0x9D, 0x04, 0x4C,
	0xFE, 0x35, 0xFE, 0x37, 0x79, 0x01, 0xCB, 0xFE, 0x35, 0x79, 0x01, 0xC9,
	0x01, 0xCB, 0x79, 0xFE, 0x35, 0x01, 0xCB, 0x00, 0x00, 0x03, 0x00, 0x5B,
	0xFF, 0xBA, 0x05, 0x4F, 0x06, 0x17, 0x00, 0x09, 0x00, 0x13, 0x00, 0x2B,
	0x00, 0x00, 0x09, 0x01, 0x1E, 0x01, 0x33, 0x32, 0x12, 0x11, 0x34, 0x26,
	0x27, 0x2E, 0x01, 0x23, 0x22, 0x02, 0x11, 0x14, 0x16, 0x17, 0x07, 0x26,
	0x02, 0x35, 0x10, 0x00, 0x21, 0x32, 0x16, 0x17, 0x37, 0x17, 0x07, 0x16,
	0x12, 0x15, 0x10, 0x00, 0x21, 0x22, 0x26, 0x27, 0x07, 0x27, 0x04, 0x3D,
	0xFD, 0x7B, 0x38, 0x91, 0x55, 0xC6, 0xE8, 0x24, 0x6C, 0x37, 0x91, 0x56,
	0xC6, 0xE9, 0x23, 0x23, 0x78, 0x46, 0x47, 0x01, 0x53, 0x01, 0x1B, 0x75,
	0xC7, 0x4E, 0x92, 0x5C, 0x99, 0x46, 0x48, 0xFE, 0xAE, 0xFE, 0xE5, 0x73,
	0xC7, 0x52, 0x92, 0x5C, 0x04, 0x58, 0xFC, 0xB2, 0x40, 0x43, 0x01, 0x48,
	0x01, 0x1A, 0x70, 0xB8, 0xB8, 0x40, 0x43, 0xFE, 0xB8, 0xFE, 0xE5, 0x70,
	0xBC, 0x44, 0x9E, 0x66, 0x01, 0x08, 0xA0, 0x01, 0x62, 0x01, 0xA5, 0x4D,
	0x4B, 0xBF, 0x59, 0xC6, 0x67, 0xFE, 0xF6, 0x9E, 0xFE, 0x9F, 0xFE, 0x5B,
	0x4B, 0x4B, 0xBF, 0x58, 0xFF, 0xFF, 0x00, 0xA0, 0xFF, 0xE3, 0x04, 0xA5,
	0x07, 0x6B, 0x12, 0x26, 0x00, 0x36, 0x00, 0x00, 0x10, 0x07, 0x00, 0xE3,
	0x04, 0x70, 0x01, 0x75, 0xFF, 0xFF, 0x00, 0xA0, 0xFF, 0xE3, 0x04, 0xA5,
	0x07, 0x6B, 0x12, 0x26, 0x00, 0x36, 0x00, 0x00, 0x10, 0x07, 0x00, 0xE1,
	0x04, 0x70, 0x01, 0x75, 0xFF, 0xFF, 0x00, 0xA0, 0xFF, 0xE3, 0x04, 0xA5,
	0x07, 0x6D, 0x12, 0x26, 0x00, 0x36, 0x00, 0x00, 0x10, 0x07, 0x00, 0xE4,
	0x04, 0x70, 0x01, 0x75, 0xFF, 0xFF, 0x00, 0xA0, 0xFF, 0xE3, 0x04, 0xA5,
	0x07, 0x4E, 0x12, 0x26, 0x00, 0x36, 0x00, 0x00, 0x10, 0x07, 0x00, 0xE0,
	0x04, 0x70, 0x01, 0x75, 0xFF, 0xFF, 0xFF, 0xFC, 0x00, 0x00, 0x04, 0x6A,
	0x07, 0x6B, 0x12, 0x26, 0x00, 0x3A, 0x00, 0x00, 0x10, 0x07, 0x00, 0xE1,
	0x04, 0x01, 0x01, 0x75, 0x00, 0x02, 0x00, 0xB4, 0x00, 0x00, 0x04, 0x19,
	0x05, 0xD5, 0x00, 0x0C, 0x00, 0x15, 0x00, 0x00, 0x13, 0x33, 0x11, 0x33,
	0x32, 0x16, 0x15, 0x14, 0x06, 0x2B, 0x01, 0x11, 0x23, 0x13, 0x11, 0x33,
	0x32, 0x36, 0x35, 0x34, 0x26, 0x23, 0xB5, 0xB6, 0xE4, 0xE2, 0xE7, 0xE7,
	0xE2, 0xE4, 0xB6, 0xB6, 0xE4, 0x7F, 0x8B, 0x8A, 0x80, 0x05, 0xD5, 0xFE,
	0xF8, 0xE1, 0xDC, 0xDC, 0xE2, 0xFE, 0xAE, 0x04, 0x27, 0xFD, 0xD1, 0x92,
	0x86, 0x86, 0x91, 0x00, 0x00, 0x01, 0x00, 0xA7, 0xFF, 0xE3, 0x04, 0x35,
	0x06, 0x14, 0x00, 0x2F, 0x00, 0x00, 0x13, 0x34, 0x36, 0x33, 0x32, 0x16,
	0x17, 0x0E, 0x01, 0x15, 0x14, 0x16, 0x1F, 0x01, 0x1E, 0x01, 0x15, 0x14,
	0x06, 0x23, 0x22, 0x26, 0x27, 0x35, 0x1E, 0x01, 0x33, 0x32, 0x36, 0x35,
	0x34, 0x26, 0x2F, 0x01, 0x2E, 0x01, 0x35, 0x34, 0x36, 0x37, 0x2E, 0x01,
	0x23, 0x22, 0x06, 0x15, 0x11, 0x23, 0xA7, 0xD7, 0xC5, 0xBB, 0xC5, 0x03,
	0x88, 0x97, 0x34, 0x3A, 0x34, 0x95, 0x56, 0xCA, 0xBE, 0x3A, 0x7A, 0x42,
	0x48, 0x7E, 0x3B, 0x68, 0x6C, 0x35, 0x5B, 0x53, 0x56, 0x4E, 0x96, 0x88,
	0x07, 0x76, 0x66, 0x75, 0x7A, 0xA9, 0x04, 0x71, 0xC8, 0xDB, 0xE8, 0xE0,
	0x08, 0x73, 0x60, 0x2F, 0x51, 0x2A, 0x25, 0x6A, 0x8E, 0x64, 0xAC, 0xB7,
	0x19, 0x18, 0xA4, 0x1E, 0x1D, 0x5F, 0x5B, 0x3F, 0x54, 0x3E, 0x37, 0x3B,
	0x87, 0x5B, 0x7F, 0xAC, 0x1D, 0x67, 0x70, 0x8B, 0x83, 0xFB, 0x93, 0x00,
	0xFF, 0xFF, 0x00, 0x6E, 0xFF, 0xE3, 0x03, 0xC3, 0x06, 0x66, 0x12, 0x26,
	0x00, 0x42, 0x00, 0x00, 0x10, 0x06, 0x00, 0x41, 0x4A, 0x00, 0xFF, 0xFF,
	0x00, 0x6E, 0xFF, 0xE3, 0x03, 0xC3, 0x06, 0x66, 0x12, 0x26, 0x00, 0x42,
	0x00, 0x00, 0x10, 0x06, 0x00, 0x74, 0x4A, 0x00, 0xFF, 0xFF, 0x00, 0x6E,
	0xFF, 0xE3, 0x03, 0xC3, 0x06, 0x66, 0x12, 0x26, 0x00, 0x42, 0x00, 0x00,
	0x10, 0x06, 0x00, 0xC1, 0x4A, 0x00, 0xFF, 0xFF, 0x00, 0x6E, 0xFF, 0xE3,
	0x03, 0xC3, 0x06, 0x37, 0x12, 0x26, 0x00, 0x42, 0x00, 0x00, 0x10, 0x06,
	0x00, 0xC3, 0x4A, 0x00, 0xFF, 0xFF, 0x00, 0x6E, 0xFF, 0xE3, 0x03, 0xC3,
	0x06, 0x10, 0x12, 0x26, 0x00, 0x42, 0x00, 0x00, 0x10, 0x06, 0x00, 0x68,
	0x4A, 0x00, 0xFF, 0xFF, 0x00, 0x6E, 0xFF, 0xE3, 0x03, 0xC3, 0x07, 0x06,
	0x12, 0x26, 0x00, 0x42, 0x00, 0x00, 0x10, 0x06, 0x00, 0xC2, 0x4A, 0x00,
	0x00, 0x03, 0x00, 0x6E, 0xFF, 0xE3, 0x06, 0xB1, 0x04, 0x7B, 0x00, 0x06,
	0x00, 0x33, 0x00, 0x3E, 0x00, 0x00, 0x01, 0x2E, 0x01, 0x23, 0x22, 0x06,
	0x07, 0x03, 0x3E, 0x01, 0x33, 0x32, 0x12, 0x1D, 0x01, 0x21, 0x1E, 0x01,
	0x33, 0x32, 0x36, 0x37, 0x15, 0x0E, 0x01, 0x23, 0x22, 0x26, 0x27, 0x0E,
	0x01, 0x23, 0x22, 0x26, 0x35, 0x34, 0x36, 0x3B, 0x01, 0x35, 0x34, 0x26,
	0x23, 0x22, 0x06, 0x07, 0x35, 0x3E, 0x01, 0x33, 0x32, 0x16, 0x03, 0x22,
	0x06, 0x15, 0x14, 0x16, 0x33, 0x32, 0x36, 0x3D, 0x01, 0x06, 0x0A, 0x01,
	0x94, 0x7B, 0x8A, 0xA7, 0x0C, 0x3D, 0x42, 0xBF, 0x77, 0xCB, 0xEE, 0xFD,
	0x06, 0x0B, 0xB8, 0xA4, 0x5E, 0xB4, 0x5A, 0x5A, 0xBB, 0x60, 0x96, 0xDF,
	0x45, 0x42, 0xC3, 0x80, 0xAA, 0xBD, 0xE3, 0xE2, 0xE8, 0x96, 0x88, 0x56,
	0xA4, 0x4C, 0x5B, 0xAB, 0x51, 0x80, 0xC0, 0xD7, 0xC9, 0x9B, 0x74, 0x64,
	0x8A, 0xA6, 0x02, 0x94, 0x97, 0xB4, 0xAE, 0x9E, 0x01, 0x30, 0x5A, 0x5E,
	0xFE, 0xDD, 0xFA, 0x5A, 0xBF, 0xC8, 0x35, 0x35, 0xAE, 0x2A, 0x2C, 0x79,
	0x77, 0x78, 0x78, 0xBB, 0xA8, 0xBD, 0xC0, 0x12, 0x7F, 0x8B, 0x2E, 0x2E,
	0xAA, 0x27, 0x27, 0x60, 0xFE, 0x18, 0x66, 0x7B, 0x62, 0x73, 0xD9, 0xB4,
	0x29, 0x00, 0xFF, 0xFF, 0x00, 0x65, 0xFE, 0x75, 0x03, 0x84, 0x04, 0x7B,
	0x12, 0x26, 0x00, 0x44, 0x00, 0x00, 0x10, 0x07, 0x00, 0x78, 0x00, 0x81,
	0x00, 0x00, 0xFF, 0xFF, 0x00, 0x65, 0xFF, 0xE3, 0x04, 0x0C, 0x06, 0x66,
	0x12, 0x26, 0x00, 0x46, 0x00, 0x00, 0x10, 0x06, 0x00, 0x41, 0x7D, 0x00,
	0xFF, 0xFF, 0x00, 0x65, 0xFF, 0xE3, 0x04, 0x0C, 0x06, 0x66, 0x12, 0x26,
	0x00, 0x46, 0x00, 0x00, 0x10, 0x06, 0x00, 0x74, 0x7D, 0x00, 0xFF, 0xFF,
	0x00, 0x65, 0xFF, 0xE3, 0x04, 0x0C, 0x06, 0x66, 0x12, 0x26, 0x00, 0x46,
	0x00, 0x00, 0x10, 0x06, 0x00, 0xC1, 0x7D, 0x00, 0xFF, 0xFF, 0x00, 0x65,
	0xFF, 0xE3, 0x04, 0x0C, 0x06, 0x10, 0x12, 0x26, 0x00, 0x46, 0x00, 0x00,
	0x10, 0x06, 0x00, 0x68, 0x7D, 0x00, 0xFF, 0xFF, 0xFF, 0xCC, 0x00, 0x00,
	0x01, 0x7C, 0x06, 0x66, 0x10, 0x27, 0x00, 0x41, 0xFF, 0x34, 0x00, 0x00,
	0x12, 0x06, 0x00, 0xC0, 0x00, 0x00, 0xFF, 0xFF, 0x00, 0x81, 0x00, 0x00,
	0x02, 0x31, 0x06, 0x66, 0x10, 0x27, 0x00, 0x74, 0xFF, 0x34, 0x00, 0x00,
	0x12, 0x06, 0x00, 0xC0, 0x00, 0x00, 0xFF, 0xFF, 0xFF, 0xE1, 0x00, 0x00,
	0x02, 0x20, 0x06, 0x66, 0x12, 0x26, 0x00, 0xC0, 0x00, 0x00, 0x10, 0x07,
	0x00, 0xC1, 0xFF, 0x34, 0x00, 0x00, 0xFF, 0xFF, 0xFF, 0xF5, 0x00, 0x00,
	0x02, 0x0C, 0x06, 0x10, 0x12, 0x26, 0x00, 0xC0, 0x00, 0x00, 0x10, 0x07,
	0x00, 0x68, 0xFF, 0x34, 0x00, 0x00, 0x00, 0x02, 0x00, 0x65, 0xFF, 0xE3,
	0x04, 0x03, 0x06, 0x14, 0x00, 0x0E, 0x00, 0x28, 0x00, 0x00, 0x01, 0x2E,
	0x01, 0x23, 0x22, 0x06, 0x15, 0x14, 0x16, 0x33, 0x32, 0x36, 0x35, 0x34,
	0x26, 0x13, 0x16, 0x12, 0x15, 0x14, 0x00, 0x23, 0x22, 0x02, 0x11, 0x34,
	0x12, 0x33, 0x32, 0x16, 0x17, 0x27, 0x05, 0x27, 0x37, 0x27, 0x33, 0x17,
	0x25, 0x17, 0x05, 0x02, 0xF2, 0x2D, 0x4F, 0x25, 0x96, 0xA7, 0x9D, 0x83,
	0x83, 0x9C, 0x30, 0x08, 0x71, 0x67, 0xFF, 0x00, 0xCF, 0xD0, 0xFE, 0xF8,
	0xC7, 0x10, 0x2F, 0x26, 0x8F, 0xFE, 0xE1, 0x1E, 0xFD, 0xA3, 0xCD, 0x72,
	0x01, 0x2C, 0x1E, 0xFE, 0xF6, 0x03, 0x93, 0x11, 0x10, 0xD8, 0xC3, 0xBC,
	0xDE, 0xDE, 0xBC, 0x7A, 0xBC, 0x01, 0x26, 0x8F, 0xFE, 0xE0, 0xAD, 0xFF,
	0xFE, 0xC9, 0x01, 0x37, 0x00, 0xFF, 0xFA, 0x01, 0x37, 0x05, 0x05, 0xB4,
	0x6B, 0x63, 0x5C, 0xCC, 0x91, 0x6F, 0x61, 0x62, 0xFF, 0xFF, 0x00, 0xA7,
	0x00, 0x00, 0x03, 0xF4, 0x06, 0x37, 0x12, 0x26, 0x00, 0x4F, 0x00, 0x00,
	0x10, 0x07, 0x00, 0xC3, 0x00, 0x89, 0x00, 0x00, 0xFF, 0xFF, 0x00, 0x65,
	0xFF, 0xE3, 0x04, 0x03, 0x06, 0x66, 0x12, 0x26, 0x00, 0x50, 0x00, 0x00,
	0x10, 0x06, 0x00, 0x41, 0x68, 0x00, 0xFF, 0xFF, 0x00, 0x65, 0xFF, 0xE3,
	0x04, 0x03, 0x06, 0x66, 0x12, 0x26, 0x00, 0x50, 0x00, 0x00, 0x10, 0x06,
	0x00, 0x74, 0x68, 0x00, 0xFF, 0xFF, 0x00, 0x65, 0xFF, 0xE3, 0x04, 0x03,
	0x06, 0x66, 0x12, 0x26, 0x00, 0x50, 0x00, 0x00, 0x10, 0x06, 0x00, 0xC1,
	0x68, 0x00, 0xFF, 0xFF, 0x00, 0x65, 0xFF, 0xE3, 0x04, 0x03, 0x06, 0x37,
	0x12, 0x26, 0x00, 0x50, 0x00, 0x00, 0x10, 0x06, 0x00, 0xC3, 0x68, 0x00,
	0xFF, 0xFF, 0x00, 0x65, 0xFF, 0xE3, 0x04, 0x03, 0x06, 0x10, 0x12, 0x26,
	0x00, 0x50, 0x00, 0x00, 0x10, 0x06, 0x00, 0x68, 0x68, 0x00, 0x00, 0x03,
	0x00, 0xC3, 0x00, 0x96, 0x05, 0x46, 0x04, 0x6F, 0x00, 0x03, 0x00, 0x07,
	0x00, 0x0B, 0x00, 0x00, 0x01, 0x33, 0x15, 0x23, 0x11, 0x33, 0x15, 0x23,
	0x01, 0x21, 0x15, 0x21, 0x02, 0x96, 0xDD, 0xDD, 0xDD, 0xDD, 0xFE, 0x2D,
	0x04, 0x82, 0xFB, 0x7E, 0x04, 0x6F, 0xF6, 0xFE, 0x12, 0xF5, 0x02, 0x41,
	0xAA, 0x00, 0x00, 0x03, 0x00, 0x40, 0xFF, 0xA2, 0x04, 0x26, 0x04, 0xBC,
	0x00, 0x09, 0x00, 0x13, 0x00, 0x2B, 0x00, 0x00, 0x09, 0x01, 0x1E, 0x01,
	0x33, 0x32, 0x36, 0x35, 0x34, 0x26, 0x27, 0x2E, 0x01, 0x23, 0x22, 0x06,
	0x15, 0x14, 0x16, 0x17, 0x07, 0x2E, 0x01, 0x35, 0x10, 0x12, 0x33, 0x32,
	0x16, 0x17, 0x37, 0x17, 0x07, 0x1E, 0x01, 0x15, 0x10, 0x02, 0x23, 0x22,
	0x26, 0x27, 0x07, 0x27, 0x03, 0x2E, 0xFE, 0x4A, 0x25, 0x5D, 0x3A, 0x85,
	0x9A, 0x12, 0x52, 0x26, 0x5D, 0x38, 0x88, 0x98, 0x11, 0x12, 0x70, 0x31,
	0x30, 0xF5, 0xD9, 0x54, 0x8F, 0x3C, 0x7D, 0x56, 0x83, 0x2F, 0x31, 0xF7,
	0xD8, 0x56, 0x91, 0x39, 0x7D, 0x56, 0x03, 0x21, 0xFD, 0xB0, 0x2A, 0x28,
	0xE8, 0xC8, 0x4F, 0x75, 0x9A, 0x29, 0x29, 0xEB, 0xD3, 0x48, 0x6E, 0x2E,
	0x97, 0x4D, 0xC5, 0x77, 0x01, 0x14, 0x01, 0x38, 0x33, 0x34, 0xA8, 0x4F,
	0xB3, 0x4D, 0xC6, 0x78, 0xFE, 0xED, 0xFE, 0xC7, 0x34, 0x33, 0xA8, 0x4E,
	0xFF, 0xFF, 0x00, 0x9C, 0xFF, 0xE3, 0x03, 0xE9, 0x06, 0x66, 0x12, 0x26,
	0x00, 0x56, 0x00, 0x00, 0x10, 0x06, 0x00, 0x41, 0x6F, 0x00, 0xFF, 0xFF,
	0x00, 0x9C, 0xFF, 0xE3, 0x03, 0xE9, 0x06, 0x66, 0x12, 0x26, 0x00, 0x56,
	0x00, 0x00, 0x10, 0x06, 0x00, 0x74, 0x6F, 0x00, 0xFF, 0xFF, 0x00, 0x9C,
	0xFF, 0xE3, 0x03, 0xE9, 0x06, 0x66, 0x12, 0x26, 0x00, 0x56, 0x00, 0x00,
	0x10, 0x06, 0x00, 0xC1, 0x6F, 0x00, 0xFF, 0xFF, 0x00, 0x9C, 0xFF, 0xE3,
	0x03, 0xE9, 0x06, 0x10, 0x12, 0x26, 0x00, 0x56, 0x00, 0x00, 0x10, 0x06,
	0x00, 0x68, 0x6F, 0x00, 0xFF, 0xFF, 0x00, 0x36, 0xFE, 0x56, 0x04, 0x0C,
	0x06, 0x66, 0x12, 0x26, 0x00, 0x5A, 0x00, 0x00, 0x10, 0x06, 0x00, 0x74,
	0x55, 0x00, 0x00, 0x02, 0x00, 0xA7, 0xFE, 0x56, 0x04, 0x2E, 0x06, 0x14,
	0x00, 0x10, 0x00, 0x1C, 0x00, 0x00, 0x25, 0x11, 0x23, 0x11, 0x33, 0x11,
	0x3E, 0x01, 0x33, 0x32, 0x12, 0x11, 0x10, 0x02, 0x23, 0x22, 0x26, 0x01,
	0x34, 0x26, 0x23, 0x22, 0x06, 0x15, 0x14, 0x16, 0x33, 0x32, 0x36, 0x01,
	0x4E, 0xA7, 0xA7, 0x34, 0x9F, 0x6F, 0xB8, 0xE5, 0xE5, 0xB8, 0x6F, 0x9F,
	0x01, 0xFF, 0x96, 0x83, 0x84, 0x96, 0x96, 0x84, 0x83, 0x96, 0xA8, 0xFD,
	0xAE, 0x07, 0xBE, 0xFD, 0xA2, 0x64, 0x61, 0xFE, 0xBC, 0xFE, 0xF8, 0xFE,
	0xF8, 0xFE, 0xBC, 0x61, 0x01, 0xEB, 0xCB, 0xE7, 0xE7, 0xCB, 0xCB, 0xE7,
	0xE7, 0x00, 0xFF, 0xFF, 0x00, 0x36, 0xFE, 0x56, 0x04, 0x0C, 0x06, 0x10,
	0x12, 0x26, 0x00, 0x5A, 0x00, 0x00, 0x10, 0x06, 0x00, 0x68, 0x55, 0x00,
	0x00, 0x02, 0x00, 0xAD, 0x00, 0x00, 0x01, 0x54, 0x04, 0x7B, 0x00, 0x03,
	0x00, 0x04, 0x00, 0x00, 0x13, 0x33, 0x11, 0x23, 0x13, 0xAE, 0xA5, 0xA5,
	0x52, 0x04, 0x60, 0xFB, 0xA0, 0x04, 0x7B, 0x00, 0x00, 0x01, 0x00, 0xAD,
	0x04, 0xEE, 0x02, 0xEC, 0x06, 0x66, 0x00, 0x06, 0x00, 0x00, 0x01, 0x33,
	0x13, 0x23, 0x27, 0x07, 0x23, 0x01, 0x8A, 0x85, 0xDD, 0x7D, 0xA2, 0xA2,
	0x7D, 0x06, 0x66, 0xFE, 0x88, 0xF5, 0xF5, 0x00, 0x00, 0x02, 0x00, 0xD6,
	0x04, 0xE1, 0x02, 0xC4, 0x07, 0x06, 0x00, 0x0B, 0x00, 0x17, 0x00, 0x00,
	0x01, 0x34, 0x26, 0x23, 0x22, 0x06, 0x15, 0x14, 0x16, 0x33, 0x32, 0x36,
	0x37, 0x14, 0x06, 0x23, 0x22, 0x26, 0x35, 0x34, 0x36, 0x33, 0x32, 0x16,
	0x02, 0x56, 0x50, 0x39, 0x3B, 0x4E, 0x4E, 0x3B, 0x39, 0x50, 0x6D, 0x8F,
	0x67, 0x68, 0x8F, 0x8F, 0x68, 0x67, 0x8F, 0x05, 0xF4, 0x3F, 0x58, 0x57,
	0x40, 0x41, 0x57, 0x58, 0x40, 0x73, 0xA0, 0xA0, 0x73, 0x73, 0x9F, 0x9F,
	0x00, 0x01, 0x00, 0xA3, 0x05, 0x1D, 0x02, 0xF6, 0x06, 0x37, 0x00, 0x1B,
	0x00, 0x00, 0x01, 0x27, 0x2E, 0x01, 0x23, 0x22, 0x06, 0x07, 0x23, 0x3E,
	0x01, 0x33, 0x32, 0x16, 0x1F, 0x01, 0x1E, 0x01, 0x33, 0x32, 0x36, 0x37,
	0x33, 0x0E, 0x01, 0x23, 0x22, 0x26, 0x01, 0xC9, 0x33, 0x14, 0x1E, 0x0B,
	0x23, 0x20, 0x02, 0x70, 0x02, 0x5B, 0x52, 0x23, 0x39, 0x21, 0x34, 0x14,
	0x1D, 0x0C, 0x22, 0x21, 0x01, 0x71, 0x02, 0x5C, 0x52, 0x22, 0x3A, 0x05,
	0x5A, 0x37, 0x14, 0x13, 0x49, 0x52, 0x87, 0x93, 0x1C, 0x21, 0x37, 0x14,
	0x13, 0x49, 0x52, 0x87, 0x93, 0x1C, 0x00, 0x01, 0x00, 0x5A, 0x01, 0xE9,
	0x03, 0x40, 0x02, 0x79, 0x00, 0x03, 0x00, 0x00, 0x13, 0x21, 0x15, 0x21,
	0x5A, 0x02, 0xE6, 0xFD, 0x1A, 0x02, 0x79, 0x90, 0x00, 0x01, 0x00, 0x5A,
	0x01, 0xE9, 0x06, 0xDA, 0x02, 0x79, 0x00, 0x03, 0x00, 0x00, 0x13, 0x21,
	0x15, 0x21, 0x5A, 0x06, 0x7F, 0xF9, 0x81, 0x02, 0x79, 0x90, 0x00, 0x01,
	0x00, 0x9C, 0x03, 0xE9, 0x01, 0xA5, 0x05, 0xD5, 0x00, 0x05, 0x00, 0x00,
	0x01, 0x23, 0x35, 0x13, 0x33, 0x03, 0x01, 0x5A, 0xBD, 0x93, 0x74, 0x4A,
	0x03, 0xE9, 0xAD, 0x01, 0x3F, 0xFE, 0xC1, 0x00, 0x00, 0x01, 0x00, 0xA0,
	0x03, 0xFE, 0x01, 0xA8, 0x05, 0xD5, 0x00, 0x05, 0x00, 0x00, 0x13, 0x33,
	0x15, 0x03, 0x23, 0x13, 0xEA, 0xBE, 0x94, 0x74, 0x4A, 0x05, 0xD5, 0x98,
	0xFE, 0xC1, 0x01, 0x3F, 0x00, 0x02, 0x00, 0x9C, 0x03, 0xE9, 0x03, 0x16,
	0x05, 0xD5, 0x00, 0x05, 0x00, 0x0B, 0x00, 0x00, 0x01, 0x23, 0x35, 0x13,
	0x33, 0x03, 0x05, 0x23, 0x35, 0x13, 0x33, 0x03, 0x01, 0x5A, 0xBD, 0x93,
	0x74, 0x4A, 0x01, 0x72, 0xBE, 0x93, 0x74, 0x49, 0x03, 0xE9, 0xAD, 0x01,
	0x3F, 0xFE, 0xC1, 0xAD, 0xAD, 0x01, 0x3F, 0xFE, 0xC1, 0x00, 0x00, 0x02,
	0x00, 0x9C, 0x03, 0xE9, 0x03, 0x16, 0x05, 0xD5, 0x00, 0x05, 0x00, 0x0B,
	0x00, 0x00, 0x13, 0x33, 0x15, 0x03, 0x23, 0x13, 0x25, 0x33, 0x15, 0x03,
	0x23, 0x13, 0xE6, 0xBE, 0x93, 0x74, 0x49, 0x01, 0x71, 0xBE, 0x93, 0x74,
	0x49, 0x05, 0xD5, 0xAC, 0xFE, 0xC0, 0x01, 0x40, 0xAC, 0xAC, 0xFE, 0xC0,
	0x01, 0x40, 0x00, 0x03, 0x00, 0xD4, 0x00, 0x00, 0x06, 0x5F, 0x00, 0xFE,
	0x00, 0x03, 0x00, 0x07, 0x00, 0x0B, 0x00, 0x00, 0x25, 0x33, 0x15, 0x23,
	0x25, 0x33, 0x15, 0x23, 0x25, 0x33, 0x15, 0x23, 0x03, 0x3A, 0xBF, 0xBF,
	0x02, 0x65, 0xC0, 0xC0, 0xFB, 0x35, 0xC0, 0xC0, 0xFE, 0xFE, 0xFE, 0xFE,
	0xFE, 0xFE, 0x00, 0x01, 0xFE, 0xAE, 0xFF, 0xE3, 0x02, 0x86, 0x05, 0xF0,
	0x00, 0x03, 0x00, 0x00, 0x01, 0x33, 0x01, 0x23, 0x01, 0xF5, 0x90, 0xFC,
	0xB9, 0x90, 0x05, 0xF0, 0xF9, 0xF3, 0x00, 0x02, 0x00, 0x38, 0x02, 0x9C,
	0x02, 0xA9, 0x05, 0xDF, 0x00, 0x02, 0x00, 0x0D, 0x00, 0x00, 0x09, 0x01,
	0x21, 0x03, 0x33, 0x11, 0x33, 0x15, 0x23, 0x15, 0x23, 0x35, 0x21, 0x35,
	0x01, 0xAD, 0xFE, 0xEA, 0x01, 0x16, 0x13, 0x95, 0x79, 0x79, 0x82, 0xFE,
	0x8C, 0x05, 0x66, 0xFE, 0x5D, 0x02, 0x1C, 0xFD, 0xE4, 0x6D, 0xBA, 0xBA,
	0x79, 0x00, 0x00, 0x01, 0x00, 0x9E, 0xFD, 0xFC, 0x02, 0xFC, 0x07, 0x92,
	0x00, 0x0B, 0x00, 0x00, 0x01, 0x23, 0x35, 0x10, 0x13, 0x12, 0x13, 0x33,
	0x02, 0x03, 0x02, 0x11, 0x01, 0x4E, 0xB0, 0x90, 0xA8, 0x95, 0x90, 0xEA,
	0x51, 0x72, 0xFD, 0xFC, 0xEA, 0x03, 0x97, 0x01, 0xE2, 0x02, 0x30, 0x01,
	0x03, 0xFD, 0xF3, 0xFE, 0x86, 0xFD, 0xEE, 0xFC, 0xED, 0x00, 0x00, 0x01,
	0x00, 0x9E, 0xFD, 0xFC, 0x01, 0x4E, 0x07, 0x89, 0x00, 0x03, 0x00, 0x00,
	0x13, 0x33, 0x11, 0x23, 0x9E, 0xB0, 0xB0, 0x07, 0x89, 0xF6, 0x73, 0x00,
	0x00, 0x01, 0x00, 0x9E, 0xFE, 0x14, 0x02, 0xFC, 0x07, 0x89, 0x00, 0x0B,
	0x00, 0x00, 0x01, 0x15, 0x10, 0x13, 0x12, 0x13, 0x23, 0x02, 0x03, 0x02,
	0x11, 0x35, 0x01, 0x4E, 0x72, 0x84, 0xB7, 0x90, 0xBB, 0x82, 0x90, 0x07,
	0x89, 0xEA, 0xFC, 0xA5, 0xFE, 0x57, 0xFE, 0x14, 0xFE, 0x65, 0x01, 0x45,
	0x01, 0xEE, 0x02, 0x26, 0x03, 0x32, 0xEA, 0x00, 0x00, 0x01, 0x00, 0x9E,
	0xFD, 0xFC, 0x02, 0xFC, 0x07, 0x92, 0x00, 0x0B, 0x00, 0x00, 0x01, 0x35,
	0x10, 0x03, 0x02, 0x03, 0x33, 0x12, 0x13, 0x12, 0x11, 0x15, 0x02, 0x4C,
	0x73, 0x51, 0xEA, 0x90, 0x96, 0xA7, 0x90, 0xFD, 0xFC, 0xEA, 0x03, 0x13,
	0x02, 0x12, 0x01, 0x79, 0x02, 0x0E, 0xFE, 0xFD, 0xFD, 0xD0, 0xFE, 0x1E,
	0xFC, 0x69, 0xEA, 0x00, 0x00, 0x01, 0x02, 0x4B, 0xFD, 0xFC, 0x02, 0xFC,
	0x07, 0x89, 0x00, 0x04, 0x00, 0x00, 0x01, 0x11, 0x23, 0x11, 0x30, 0x02,
	0xFB, 0xAF, 0x07, 0x89, 0xF6, 0x73, 0x09, 0x8D, 0x00, 0x01, 0x00, 0x9E,
	0xFE, 0x14, 0x02, 0xFC, 0x07, 0x89, 0x00, 0x0B, 0x00, 0x00, 0x01, 0x33,
	0x15, 0x10, 0x03, 0x02, 0x03, 0x23, 0x12, 0x13, 0x12, 0x11, 0x02, 0x4C,
	0xAF, 0x90, 0x81, 0xBC, 0x90, 0xB7, 0x84, 0x73, 0x07, 0x89, 0xEA, 0xFC,
	0xCD, 0xFD, 0xDB, 0xFE, 0x12, 0xFE, 0xBB, 0x01, 0x9B, 0x01, 0xEC, 0x01,
	0xA9, 0x03, 0x5B, 0x00, 0x00, 0x01, 0x00, 0x9E, 0xFD, 0xFC, 0x02, 0xFC,
	0x07, 0x6D, 0x00, 0x05, 0x00, 0x00, 0x01, 0x23, 0x11, 0x21, 0x15, 0x21,
	0x01, 0x4E, 0xB0, 0x02, 0x5D, 0xFE, 0x53, 0xFD, 0xFC, 0x09, 0x71, 0xC3,
	0x00, 0x01, 0x00, 0x9E, 0xFD, 0xFC, 0x01, 0x4E, 0x07, 0x89, 0x00, 0x03,
	0x00, 0x00, 0x13, 0x33, 0x11, 0x23, 0x9E, 0xB0, 0xB0, 0x07, 0x89, 0xF6,
	0x73, 0x00, 0x00, 0x01, 0x00, 0x9E, 0xFE, 0x14, 0x02, 0xFC, 0x07, 0x89,
	0x00, 0x05, 0x00, 0x00, 0x01, 0x11, 0x21, 0x15, 0x21, 0x11, 0x01, 0x4E,
	0x01, 0xAD, 0xFD, 0xA3, 0x07, 0x89, 0xF7, 0x4E, 0xC3, 0x09, 0x75, 0x00,
	0x00, 0x01, 0x00, 0x9E, 0xFD, 0xFC, 0x02, 0xFC, 0x07, 0x6D, 0x00, 0x05,
	0x00, 0x00, 0x01, 0x11, 0x21, 0x35, 0x21, 0x11, 0x02, 0x4C, 0xFE, 0x52,
	0x02, 0x5D, 0xFD, 0xFC, 0x08, 0xAE, 0xC3, 0xF6, 0x8F, 0x00, 0x00, 0x01,
	0x02, 0x4B, 0xFD, 0xFC, 0x02, 0xFC, 0x07, 0x7A, 0x00, 0x03, 0x00, 0x00,
	0x01, 0x33, 0x11, 0x23, 0x02, 0x4C, 0xAF, 0xAF, 0x07, 0x7A, 0xF6, 0x82,
	0x00, 0x01, 0x00, 0x9E, 0xFE, 0x14, 0x02, 0xFC, 0x07, 0x7A, 0x00, 0x05,
	0x00, 0x00, 0x01, 0x33, 0x11, 0x21, 0x35, 0x21, 0x02, 0x4C, 0xAF, 0xFD,
	0xA3, 0x01, 0xAE, 0x07, 0x7A, 0xF6, 0x9A, 0xC3, 0x00, 0x01, 0x02, 0x5F,
	0xFD, 0xEA, 0x04, 0xD0, 0x07, 0x6D, 0x00, 0x0D, 0x00, 0x00, 0x01, 0x23,
	0x11, 0x34, 0x37, 0x36, 0x3B, 0x01, 0x15, 0x23, 0x22, 0x07, 0x06, 0x15,
	0x03, 0x07, 0xA7, 0x63, 0x6D, 0xA8, 0xF7, 0xFD, 0x5B, 0x3D, 0x33, 0xFD,
	0xEA, 0x07, 0x75, 0xDF, 0x91, 0x9E, 0xB0, 0x66, 0x57, 0x99, 0x00, 0x01,
	0x00, 0x97, 0xFD, 0xFC, 0x03, 0x07, 0x07, 0x86, 0x00, 0x18, 0x00, 0x00,
	0x01, 0x16, 0x17, 0x16, 0x19, 0x01, 0x23, 0x11, 0x10, 0x27, 0x26, 0x2F,
	0x01, 0x35, 0x33, 0x32, 0x37, 0x36, 0x19, 0x01, 0x33, 0x11, 0x10, 0x07,
	0x06, 0x02, 0x52, 0x34, 0x26, 0x5B, 0xA7, 0x64, 0x43, 0xEB, 0x37, 0x37,
	0xE9, 0x45, 0x64, 0xA7, 0x5B, 0x24, 0x02, 0xC1, 0x20, 0x3D, 0x93, 0xFE,
	0x43, 0xFD, 0xE8, 0x02, 0x0C, 0x01, 0xB7, 0x5F, 0x41, 0x04, 0x01, 0xBB,
	0x45, 0x63, 0x01, 0xB3, 0x02, 0x0C, 0xFD, 0xE8, 0xFE, 0x48, 0x98, 0x3C,
	0x00, 0x01, 0x02, 0x5F, 0xFE, 0x14, 0x04, 0xD0, 0x07, 0x86, 0x00, 0x0D,
	0x00, 0x00, 0x01, 0x11, 0x14, 0x17, 0x16, 0x3B, 0x01, 0x15, 0x23, 0x22,
	0x27, 0x26, 0x35, 0x11, 0x03, 0x07, 0x33, 0x3D, 0x5B, 0xFD, 0xF7, 0xA6,
	0x6F, 0x63, 0x07, 0x86, 0xF8, 0x94, 0x9A, 0x56, 0x66, 0xB0, 0x9E, 0x8F,
	0xE1, 0x07, 0x64, 0x00, 0x00, 0x01, 0x02, 0x5F, 0xFD, 0xF4, 0x03, 0x07,
	0x07, 0x8C, 0x00, 0x03, 0x00, 0x00, 0x01, 0x23, 0x11, 0x33, 0x03, 0x07,
	0xA7, 0xA7, 0xFD, 0xF4, 0x09, 0x98, 0x00, 0x01, 0x00, 0x97, 0xFD, 0xEA,
	0x03, 0x07, 0x07, 0x6D, 0x00, 0x0D, 0x00, 0x00, 0x01, 0x11, 0x34, 0x27,
	0x26, 0x2B, 0x01, 0x35, 0x33, 0x32, 0x17, 0x16, 0x15, 0x11, 0x02, 0x60,
	0x34, 0x3D, 0x5B, 0xFD, 0xF8, 0xA7, 0x6D, 0x64, 0xFD, 0xEA, 0x07, 0x7D,
	0x99, 0x57, 0x66, 0xB0, 0x9E, 0x91, 0xDF, 0xF8, 0x8B, 0x00, 0x00, 0x01,
	0x02, 0x5F, 0xFD, 0xFC, 0x04, 0xD0, 0x07, 0x86, 0x00, 0x18, 0x00, 0x00,
	0x01, 0x26, 0x27, 0x26, 0x19, 0x01, 0x33, 0x11, 0x10, 0x17, 0x16, 0x3B,
	0x01, 0x15, 0x07, 0x06, 0x07, 0x06, 0x19, 0x01, 0x23, 0x11, 0x10, 0x37,
	0x36, 0x03, 0x14, 0x36, 0x24, 0x5A, 0xA7, 0x63, 0x45, 0xE9, 0x37, 0x37,
	0xEB, 0x43, 0x63, 0xA7, 0x5A, 0x26, 0x02, 0xC1, 0x21, 0x3C, 0x98, 0x01,
	0xB8, 0x02, 0x18, 0xFD, 0xF4, 0xFE, 0x4D, 0x63, 0x45, 0xBB, 0x01, 0x04,
	0x41, 0x5F, 0xFE, 0x49, 0xFD, 0xF4, 0x02, 0x18, 0x01, 0xBD, 0x93, 0x3D,
	0x00, 0x01, 0x00, 0x97, 0xFE, 0x14, 0x03, 0x07, 0x07, 0x86, 0x00, 0x0D,
	0x00, 0x00, 0x01, 0x33, 0x11, 0x14, 0x07, 0x06, 0x2B, 0x01, 0x35, 0x33,
	0x32, 0x37, 0x36, 0x35, 0x02, 0x60, 0xA7, 0x64, 0x6F, 0xA5, 0xF8, 0xFD,
	0x5B, 0x3D, 0x34, 0x07, 0x86, 0xF8, 0x9C, 0xE1, 0x8F, 0x9E, 0xB0, 0x66,
	0x56, 0x9A, 0x00, 0x02, 0xFD, 0x27, 0x05, 0x0E, 0xFF, 0x3F, 0x05, 0xD9,
	0x00, 0x03, 0x00, 0x07, 0x00, 0x00, 0x01, 0x33, 0x15, 0x23, 0x25, 0x33,
	0x15, 0x23, 0xFE, 0x88, 0xB6, 0xB6, 0xFE, 0xA0, 0xB7, 0xB7, 0x05, 0xD9,
	0xCB, 0xCB, 0xCB, 0x00, 0x00, 0x01, 0xFD, 0xB4, 0x04, 0xEE, 0xFF, 0x0C,
	0x05, 0xF6, 0x00, 0x03, 0x00, 0x00, 0x01, 0x33, 0x03, 0x23, 0xFE, 0x65,
	0xA6, 0xCD, 0x8A, 0x05, 0xF6, 0xFE, 0xF8, 0x00, 0x00, 0x01, 0xFD, 0x0A,
	0x05, 0x0E, 0xFF, 0x5D, 0x05, 0xE9, 0x00, 0x1D, 0x00, 0x00, 0x01, 0x27,
	0x2E, 0x01, 0x23, 0x22, 0x06, 0x1D, 0x01, 0x23, 0x34, 0x36, 0x33, 0x32,
	0x16, 0x1F, 0x01, 0x1E, 0x01, 0x33, 0x32, 0x36, 0x3D, 0x01, 0x33, 0x0E,
	0x01, 0x23, 0x22, 0x26, 0xFE, 0x30, 0x34, 0x16, 0x1C, 0x0B, 0x20, 0x24,
	0x71, 0x5D, 0x4D, 0x21, 0x37, 0x2B, 0x33, 0x15, 0x1E, 0x0E, 0x1D, 0x24,
	0x70, 0x02, 0x5C, 0x4C, 0x1E, 0x36, 0x05, 0x39, 0x21, 0x0E, 0x0B, 0x32,
	0x2D, 0x06, 0x65, 0x76, 0x10, 0x1B, 0x1E, 0x0D, 0x0C, 0x33, 0x29, 0x06,
	0x64, 0x77, 0x10, 0x00, 0x00, 0x01, 0xFD, 0x57, 0x04, 0xEE, 0xFE, 0xB1,
	0x05, 0xF6, 0x00, 0x03, 0x00, 0x00, 0x01, 0x13, 0x23, 0x03, 0xFE, 0x00,
	0xB0, 0x89, 0xCF, 0x05, 0xF6, 0xFE, 0xF8, 0x01, 0x08, 0x00, 0x00, 0x01,
	0xFD, 0x20, 0x04, 0xEE, 0xFF, 0x46, 0x05, 0xF8, 0x00, 0x06, 0x00, 0x00,
	0x01, 0x33, 0x13, 0x23, 0x27, 0x07, 0x23, 0xFD, 0xDF, 0xA9, 0xBE, 0x7D,
	0x96, 0x95, 0x7D, 0x05, 0xF8, 0xFE, 0xF6, 0xB2, 0xB2, 0x00, 0x00, 0x00,
	0x00, 0x01, 0x00, 0x00, 0x00, 0xE5, 0x03, 0x54, 0x00, 0x2B, 0x00, 0x68,
	0x00, 0x0C, 0x00, 0x01, 0x00, 0x00, 0x00, 0x00, 0x00, 0x00, 0x00, 0x00,
	0x00, 0x00, 0x00, 0x00, 0x00, 0x08, 0x00, 0x04, 0x00, 0x00, 0x00, 0x00,
	0x00, 0x00, 0x00, 0x16, 0x00, 0x2A, 0x00, 0x66, 0x00, 0xB2, 0x01, 0x00,
	0x01, 0x4D, 0x01, 0x5B, 0x01, 0x78, 0x01, 0x94, 0x01, 0xBA, 0x01, 0xD3,
	0x01, 0xE3, 0x01, 0xF0, 0x01, 0xFC, 0x02, 0x0A, 0x02, 0x38, 0x02, 0x4F,
	0x02, 0x7E, 0x02, 0xB9, 0x02, 0xD6, 0x03, 0x06, 0x03, 0x42, 0x03, 0x55,
	0x03, 0x9B, 0x03, 0xD6, 0x03, 0xE7, 0x03, 0xFD, 0x04, 0x12, 0x04, 0x25,
	0x04, 0x39, 0x04, 0x72, 0x04, 0xE6, 0x05, 0x02, 0x05, 0x38, 0x05, 0x66,
	0x05, 0x8E, 0x05, 0xA6, 0x05, 0xBB, 0x05, 0xEF, 0x06, 0x07, 0x06, 0x14,
	0x06, 0x2A, 0x06, 0x44, 0x06, 0x54, 0x06, 0x72, 0x06, 0x89, 0x06, 0xBB,
	0x06, 0xDD, 0x07, 0x17, 0x07, 0x48, 0x07, 0x84, 0x07, 0x97, 0x07, 0xB8,
	0x07, 0xCD, 0x07, 0xED, 0x08, 0x0C, 0x08, 0x23, 0x08, 0x3A, 0x08, 0x4C,
	0x08, 0x5B, 0x08, 0x6D, 0x08, 0x83, 0x08, 0x90, 0x08, 0x9F, 0x08, 0xD6,
	0x09, 0x06, 0x09, 0x31, 0x09, 0x61, 0x09, 0x92, 0x09, 0xB2, 0x09, 0xF0,
	0x0A, 0x12, 0x0A, 0x24, 0x0A, 0x3F, 0x0A, 0x59, 0x0A, 0x66, 0x0A, 0x9A,
	0x0A, 0xBB, 0x0A, 0xE5, 0x0B, 0x14, 0x0B, 0x44, 0x0B, 0x63, 0x0B, 0x9E,
	0x0B, 0xBF, 0x0B, 0xE3, 0x0B, 0xF7, 0x0C, 0x14, 0x0C, 0x34, 0x0C, 0x53,
	0x0C, 0x6A, 0x0C, 0x9C, 0x0C, 0xAA, 0x0C, 0xDC, 0x0D, 0x0C, 0x0D, 0x0C,
	0x0D, 0x23, 0x0D, 0x5F, 0x0D, 0x8A, 0x0D, 0xD4, 0x0E, 0x01, 0x0E, 0x16,
	0x0E, 0x71, 0x0E, 0x84, 0x0E, 0xF1, 0x0F, 0x2F, 0x0F, 0x51, 0x0F, 0x61,
	0x0F, 0x6E, 0x0F, 0xE2, 0x0F, 0xEF, 0x10, 0x1A, 0x10, 0x3A, 0x10, 0x64,
	0x10, 0x9E, 0x10, 0xAC, 0x10, 0xDE, 0x10, 0xF9, 0x11, 0x05, 0x11, 0x26,
	0x11, 0x3C, 0x11, 0x69, 0x11, 0x8D, 0x11, 0x9D, 0x11, 0xAD, 0x11, 0xBD,
	0x11, 0xF6, 0x12, 0x02, 0x12, 0x0E, 0x12, 0x1A, 0x12, 0x26, 0x12, 0x32,
	0x12, 0x6C, 0x12, 0x94, 0x12, 0xA0, 0x12, 0xAC, 0x12, 0xB8, 0x12, 0xC4,
	0x12, 0xD0, 0x12, 0xDC, 0x12, 0xE8, 0x12, 0xF4, 0x13, 0x00, 0x13, 0x32,
	0x13, 0x3E, 0x13, 0x4A, 0x13, 0x56, 0x13, 0x62, 0x13, 0x6E, 0x13, 0x7A,
	0x13, 0x9C, 0x13, 0xE8, 0x13, 0xF4, 0x14, 0x00, 0x14, 0x0C, 0x14, 0x18,
	0x14, 0x24, 0x14, 0x48, 0x14, 0x8E, 0x14, 0x99, 0x14, 0xA4, 0x14, 0xAF,
	0x14, 0xBA, 0x14, 0xC5, 0x14, 0xD0, 0x15, 0x2B, 0x15, 0x37, 0x15, 0x42,
	0x15, 0x4D, 0x15, 0x58, 0x15, 0x63, 0x15, 0x6F, 0x15, 0x7B, 0x15, 0x87,
	0x15, 0x93, 0x15, 0xD6, 0x15, 0xE2, 0x15, 0xED, 0x15, 0xF8, 0x16, 0x03,
	0x16, 0x0E, 0x16, 0x19, 0x16, 0x33, 0x16, 0x7A, 0x16, 0x85, 0x16, 0x90,
	0x16, 0x9B, 0x16, 0xA6, 0x16, 0xB1, 0x16, 0xE1, 0x16, 0xEC, 0x16, 0xFC,
	0x17, 0x0E, 0x17, 0x34, 0x17, 0x61, 0x17, 0x6E, 0x17, 0x7B, 0x17, 0x8C,
	0x17, 0x9C, 0x17, 0xB7, 0x17, 0xD1, 0x17, 0xE9, 0x17, 0xF7, 0x18, 0x13,
	0x18, 0x2F, 0x18, 0x3C, 0x18, 0x58, 0x18, 0x74, 0x18, 0x82, 0x18, 0x9E,
	0x18, 0xAE, 0x18, 0xBB, 0x18, 0xCC, 0x18, 0xDD, 0x18, 0xEA, 0x18, 0xFA,
	0x19, 0x13, 0x19, 0x3E, 0x19, 0x58, 0x19, 0x65, 0x19, 0x7F, 0x19, 0xAA,
	0x19, 0xC3, 0x19, 0xD6, 0x19, 0xE4, 0x1A, 0x12, 0x1A, 0x21, 0x1A, 0x33,
	0x00, 0x01, 0x00, 0x00, 0x00, 0x02, 0x5E, 0xB8, 0xAB, 0xF7, 0xD1, 0x98,
	0x5F, 0x0F, 0x3C, 0xF5, 0x00, 0x1F, 0x08, 0x00, 0x00, 0x00, 0x00, 0x00,
	0xD3, 0xC2, 0x2B, 0xF9, 0x00, 0x00, 0x00, 0x00, 0xD3, 0xC2, 0x2B, 0xF9,
	0xF8, 0xA7, 0xFC, 0x4C, 0x0C, 0xEA, 0x09, 0xDC, 0x00, 0x20, 0x00, 0x08,
	0x00, 0x00, 0x00, 0x00, 0x00, 0x00, 0x00, 0x00, 0x04, 0x52, 0x00, 0x5B,
	0x02, 0x49, 0x00, 0x00, 0x02, 0xE2, 0x01, 0x16, 0x03, 0x4F, 0x00, 0xB1,
	0x06, 0x08, 0x00, 0x8E, 0x04, 0x94, 0x00, 0x99, 0x06, 0xD7, 0x00, 0x65,
	0x05, 0x9D, 0x00, 0x74, 0x01, 0xFA, 0x00, 0xB1, 0x02, 0xCF, 0x00, 0x9E,
	0x02, 0xCF, 0x00, 0x93, 0x03, 0x99, 0x00, 0x36, 0x06, 0x08, 0x00, 0xC3,
	0x02, 0x49, 0x00, 0x8E, 0x02, 0x99, 0x00, 0x5A, 0x02, 0x49, 0x00, 0xC5,
	0x02, 0x6D, 0x00, 0x00, 0x04, 0x94, 0x00, 0x79, 0x04, 0x94, 0x00, 0xCA,
	0x04, 0x94, 0x00, 0x87, 0x04, 0x94, 0x00, 0x8C, 0x04, 0x94, 0x00, 0x5A,
	0x04, 0x94, 0x00, 0x8E, 0x04, 0x94, 0x00, 0x80, 0x04, 0x94, 0x00, 0x97,
	0x04, 0x94, 0x00, 0x7D, 0x04, 0x94, 0x00, 0x74, 0x02, 0x6D, 0x00, 0xD8,
	0x02, 0x6D, 0x00, 0x8E, 0x06, 0x08, 0x00, 0xC3, 0x06, 0x08, 0x00, 0xC3,
	0x06, 0x08, 0x00, 0xC3, 0x03, 0xD2, 0x00, 0x84, 0x07, 0x33, 0x00, 0x79,
	0x04, 0xEC, 0x00, 0x0E, 0x04, 0xF0, 0x00, 0xB4, 0x05, 0x07, 0x00, 0x67,
	0x05, 0x8B, 0x00, 0xB4, 0x04, 0x8C, 0x00, 0xB4, 0x04, 0x24, 0x00, 0xB4,
	0x05, 0x94, 0x00, 0x67, 0x05, 0x6A, 0x00, 0xB4, 0x02, 0x1F, 0x00, 0xB4,
	0x02, 0x1F, 0xFF, 0xA1, 0x04, 0xB8, 0x00, 0xB4, 0x04, 0x02, 0x00, 0xB4,
	0x06, 0x36, 0x00, 0xB4, 0x05, 0x62, 0x00, 0xB4, 0x05, 0xAA, 0x00, 0x67,
	0x04, 0x57, 0x00, 0xB4, 0x05, 0xAA, 0x00, 0x67, 0x05, 0x00, 0x00, 0xB4,
	0x04, 0x92, 0x00, 0x79, 0x04, 0x65, 0xFF, 0xFB, 0x05, 0x45, 0x00, 0xA0,
	0x04, 0xEC, 0x00, 0x0E, 0x07, 0x1E, 0x00, 0x3D, 0x04, 0xEE, 0x00, 0x36,
	0x04, 0x65, 0xFF, 0xFD, 0x04, 0xEE, 0x00, 0x52, 0x02, 0xCF, 0x00, 0x9E,
	0x02, 0x6D, 0x00, 0x00, 0x02, 0xCF, 0x00, 0xB3, 0x06, 0x08, 0x00, 0xC3,
	0x03, 0x99, 0xFF, 0xEE, 0x03, 0x99, 0x00, 0x99, 0x04, 0x69, 0x00, 0x6E,
	0x04, 0x92, 0x00, 0xA7, 0x03, 0xF5, 0x00, 0x65, 0x04, 0x92, 0x00, 0x65,
	0x04, 0x6E, 0x00, 0x65, 0x02, 0x88, 0x00, 0x2A, 0x04, 0x92, 0x00, 0x65,
	0x04, 0x90, 0x00, 0xA7, 0x02, 0x00, 0x00, 0xAD, 0x02, 0x00, 0xFF, 0xDF,
	0x04, 0x2B, 0x00, 0xA7, 0x02, 0x00, 0x00, 0xAD, 0x07, 0x03, 0x00, 0xA7,
	0x04, 0x90, 0x00, 0xA7, 0x04, 0x67, 0x00, 0x65, 0x04, 0x92, 0x00, 0xA7,
	0x04, 0x92, 0x00, 0x65, 0x02, 0xF5, 0x00, 0xA7, 0x03, 0xC0, 0x00, 0x63,
	0x02, 0xD2, 0x00, 0x31, 0x04, 0x90, 0x00, 0x9C, 0x04, 0x42, 0x00, 0x36,
	0x05, 0xE3, 0x00, 0x4D, 0x04, 0x42, 0x00, 0x35, 0x04, 0x42, 0x00, 0x36,
	0x03, 0xC7, 0x00, 0x4F, 0x04, 0x94, 0x00, 0xE6, 0x02, 0x6D, 0x00, 0xEA,
	0x04, 0x94, 0x00, 0xE6, 0x06, 0x08, 0x00, 0xC3, 0x02, 0x49, 0x00, 0x00,
	0x02, 0xE2, 0x01, 0x16, 0x04, 0x94, 0x00, 0x9A, 0x04, 0x94, 0x00, 0x74,
	0x04, 0x94, 0x00, 0x54, 0x04, 0x94, 0x00, 0x49, 0x02, 0x6D, 0x00, 0xEA,
	0x03, 0x99, 0x00, 0x52, 0x03, 0x99, 0x00, 0xC1, 0x07, 0x33, 0x00, 0xFE,
	0x03, 0x64, 0x00, 0x67, 0x04, 0x67, 0x00, 0x8E, 0x06, 0x08, 0x00, 0xC3,
	0x02, 0x99, 0x00, 0x5A, 0x07, 0x33, 0x00, 0xFE, 0x03, 0x99, 0x00, 0xBF,
	0x03, 0x99, 0x00, 0xAF, 0x06, 0x08, 0x00, 0xC3, 0x02, 0xE2, 0x00, 0x54,
	0x02, 0xE2, 0x00, 0x58, 0x03, 0x99, 0x01, 0x4D, 0x04, 0x94, 0x00, 0x9C,
	0x04, 0x94, 0x00, 0x8E, 0x02, 0x49, 0x00, 0xC5, 0x03, 0x99, 0x01, 0x05,
	0x02, 0xE2, 0x00, 0x7B, 0x03, 0x64, 0x00, 0x56, 0x04, 0x67, 0x00, 0xAD,
	0x06, 0xFA, 0x00, 0x7B, 0x06, 0xFA, 0x00, 0x7B, 0x06, 0xFA, 0x00, 0x58,
	0x03, 0xD2, 0x00, 0x80, 0x04, 0xEC, 0x00, 0x0E, 0x04, 0xEC, 0x00, 0x0E,
	0x04, 0xEC, 0x00, 0x0E, 0x04, 0xEC, 0x00, 0x0E, 0x04, 0xEC, 0x00, 0x0E,
	0x04, 0xEC, 0x00, 0x0E, 0x07, 0x03, 0x00, 0x07, 0x05, 0x07, 0x00, 0x67,
	0x04, 0x8C, 0x00, 0xB4, 0x04, 0x8C, 0x00, 0xB4, 0x04, 0x8C, 0x00, 0xB4,
	0x04, 0x8C, 0x00, 0xB4, 0x02, 0x1F, 0x00, 0x35, 0x02, 0x1F, 0x00, 0x91,
	0x02, 0x1F, 0xFF, 0xFF, 0x02, 0x1F, 0x00, 0x05, 0x05, 0x94, 0x00, 0x09,
	0x05, 0x62, 0x00, 0xB4, 0x05, 0xAA, 0x00, 0x67, 0x05, 0xAA, 0x00, 0x67,
	0x05, 0xAA, 0x00, 0x67, 0x05, 0xAA, 0x00, 0x67, 0x05, 0xAA, 0x00, 0x67,
	0x06, 0x08, 0x00, 0xFC, 0x05, 0xAA, 0x00, 0x5B, 0x05, 0x45, 0x00, 0xA0,
	0x05, 0x45, 0x00, 0xA0, 0x05, 0x45, 0x00, 0xA0, 0x05, 0x45, 0x00, 0xA0,
	0x04, 0x65, 0xFF, 0xFD, 0x04, 0x5B, 0x00, 0xB4, 0x04, 0x89, 0x00, 0xA7,
	0x04, 0x69, 0x00, 0x6E, 0x04, 0x69, 0x00, 0x6E, 0x04, 0x69, 0x00, 0x6E,
	0x04, 0x69, 0x00, 0x6E, 0x04, 0x69, 0x00, 0x6E, 0x04, 0x69, 0x00, 0x6E,
	0x07, 0x11, 0x00, 0x6E, 0x03, 0xF5, 0x00, 0x65, 0x04, 0x6E, 0x00, 0x65,
	0x04, 0x6E, 0x00, 0x65, 0x04, 0x6E, 0x00, 0x65, 0x04, 0x6E, 0x00, 0x65,
	0x02, 0x00, 0xFF, 0xCD, 0x02, 0x00, 0x00, 0x81, 0x02, 0x00, 0xFF, 0xE2,
	0x02, 0x00, 0xFF, 0xF6, 0x04, 0x67, 0x00, 0x65, 0x04, 0x90, 0x00, 0xA7,
	0x04, 0x67, 0x00, 0x65, 0x04, 0x67, 0x00, 0x65, 0x04, 0x67, 0x00, 0x65,
	0x04, 0x67, 0x00, 0x65, 0x04, 0x67, 0x00, 0x65, 0x06, 0x08, 0x00, 0xC3,
	0x04, 0x67, 0x00, 0x40, 0x04, 0x90, 0x00, 0x9C, 0x04, 0x90, 0x00, 0x9C,
	0x04, 0x90, 0x00, 0x9C, 0x04, 0x90, 0x00, 0x9C, 0x04, 0x42, 0x00, 0x36,
	0x04, 0x92, 0x00, 0xA7, 0x04, 0x42, 0x00, 0x36, 0x02, 0x00, 0x00, 0xAD,
	0x03, 0x99, 0x00, 0xAD, 0x03, 0x99, 0x00, 0xD6, 0x03, 0x99, 0x00, 0xA3,
	0x03, 0x99, 0x00, 0x5A, 0x07, 0x33, 0x00, 0x5A, 0x02, 0x49, 0x00, 0x9C,
	0x02, 0x49, 0x00, 0xA0, 0x03, 0xBA, 0x00, 0x9C, 0x03, 0xBA, 0x00, 0x9C,
	0x07, 0x33, 0x00, 0xD4, 0x01, 0x33, 0xFE, 0xAF, 0x02, 0xE2, 0x00, 0x38,
	0x03, 0x99, 0x00, 0x9E, 0x03, 0x99, 0x00, 0x9E, 0x03, 0x99, 0x00, 0x9E,
	0x03, 0x99, 0x00, 0x9E, 0x03, 0x99, 0x02, 0x4B, 0x03, 0x99, 0x00, 0x9E,
	0x03, 0x99, 0x00, 0x9E, 0x03, 0x99, 0x00, 0x9E, 0x03, 0x99, 0x00, 0x9E,
	0x03, 0x99, 0x00, 0x9E, 0x03, 0x99, 0x02, 0x4B, 0x03, 0x99, 0x00, 0x9E,
	0x05, 0x66, 0x02, 0x5F, 0x05, 0x66, 0x00, 0x97, 0x05, 0x66, 0x02, 0x5F,
	0x05, 0x66, 0x02, 0x5F, 0x05, 0x66, 0x00, 0x97, 0x05, 0x66, 0x02, 0x5F,
	0x05, 0x66, 0x00, 0x97, 0x00, 0x00, 0xFD, 0x28, 0xFD, 0xB5, 0xFD, 0x0B,
	0xFD, 0x58, 0xFD, 0x21, 0x00, 0x01, 0x00, 0x00, 0x07, 0x6D, 0xFE, 0x1D,
	0x00, 0x00, 0x0D, 0x7E, 0xF8, 0xA7, 0xFA, 0xE3, 0x0C, 0xEA, 0x00, 0x01,
	0x00, 0x00, 0x00, 0x00, 0x00, 0x00, 0x00, 0x00, 0x00, 0x00, 0x00, 0x00,
	0x00, 0x00, 0x00, 0xE1, 0x00, 0x01, 0x03, 0xA6, 0x01, 0x90, 0x00, 0x04,
	0x00, 0x00, 0x05, 0x33, 0x05, 0x99, 0x00, 0x00, 0x01, 0x1E, 0x05, 0x33,
	0x05, 0x99, 0x00, 0x00, 0x03, 0xD7, 0x00, 0x66, 0x02, 0x12, 0x00, 0x00,
	0x02, 0x0B, 0x06, 0x06, 0x03, 0x08, 0x04, 0x02, 0x02, 0x04, 0x80, 0x00,
	0x00, 0x03, 0x00, 0x00, 0x00, 0x00, 0x00, 0x00, 0x00, 0x00, 0x00, 0x00,
	0x00, 0x00, 0x50, 0x66, 0x45, 0x64, 0x00, 0x40, 0x00, 0x20, 0x20, 0x26,
	0x06, 0x14, 0xFE, 0x14, 0x01, 0x9A, 0x07, 0x6D, 0x01, 0xE3, 0x00, 0x00,
	0x00, 0x01, 0x00, 0x00, 0x00, 0x00, 0x00, 0x00, 0x00, 0x00, 0x00, 0x03,
	0x00, 0x00, 0x00, 0x03, 0x00, 0x00, 0x00, 0x1C, 0x00, 0x00, 0x00, 0x0A,
	0x00, 0x00, 0x00, 0x64, 0x00, 0x03, 0x00, 0x01, 0x00, 0x00, 0x00, 0x1C,
	0x00, 0x04, 0x00, 0x48, 0x00, 0x00, 0x00, 0x0E, 0x00, 0x08, 0x00, 0x02,
	0x00, 0x06, 0x00, 0x7E, 0x00, 0xFF, 0x20, 0x14, 0x20, 0x19, 0x20, 0x1D,
	0x20, 0x26, 0xFF, 0xFF, 0x00, 0x00, 0x00, 0x20, 0x00, 0xA0, 0x20, 0x13,
	0x20, 0x18, 0x20, 0x1C, 0x20, 0x26, 0xFF, 0xFF, 0xFF, 0xE1, 0xFF, 0xC0,
	0xE0, 0xB1, 0xE0, 0xAE, 0xE0, 0xAC, 0xE0, 0xA4, 0x00, 0x01, 0x00, 0x00,
	0x00, 0x00, 0x00, 0x00, 0x00, 0x00, 0x00, 0x00, 0x00, 0x00, 0x00, 0x00,
	0x00, 0x0C, 0x00, 0x00, 0x00, 0x00, 0x00, 0x58, 0x00, 0x00, 0x00, 0x00,
	0x00, 0x00, 0x00, 0x06, 0x00, 0x00, 0x00, 0x20, 0x00, 0x00, 0x00, 0x7E,
	0x00, 0x00, 0x00, 0x01, 0x00, 0x00, 0x00, 0xA0, 0x00, 0x00, 0x00, 0xFF,
	0x00, 0x00, 0x00, 0x60, 0x00, 0x00, 0x20, 0x13, 0x00, 0x00, 0x20, 0x14,
	0x00, 0x00, 0x00, 0xC4, 0x00, 0x00, 0x20, 0x18, 0x00, 0x00, 0x20, 0x19,
	0x00, 0x00, 0x00, 0xC6, 0x00, 0x00, 0x20, 0x1C, 0x00, 0x00, 0x20, 0x1D,
	0x00, 0x00, 0x00, 0xC8, 0x00, 0x00, 0x20, 0x26, 0x00, 0x00, 0x20, 0x26,
	0x00, 0x00, 0x00, 0xCA, 0x00, 0x00, 0x00, 0x07, 0x00, 0x5A, 0x00, 0x03,
	0x00, 0x01, 0x04, 0x09, 0x00, 0x00, 0x01, 0x30, 0x00, 0x00, 0x00, 0x03,
	0x00, 0x01, 0x04, 0x09, 0x00, 0x01, 0x00, 0x2A, 0x01, 0x30, 0x00, 0x03,
	0x00, 0x01, 0x04, 0x09, 0x00, 0x02, 0x00, 0x08, 0x01, 0x5A, 0x00, 0x03,
	0x00, 0x01, 0x04, 0x09, 0x00, 0x03, 0x00, 0x2A, 0x01, 0x30, 0x00, 0x03,
	0x00, 0x01, 0x04, 0x09, 0x00, 0x04, 0x00, 0x2A, 0x01, 0x30, 0x00, 0x03,
	0x00, 0x01, 0x04, 0x09, 0x00, 0x05, 0x00, 0x18, 0x01, 0x62, 0x00, 0x03,
	0x00, 0x01, 0x04, 0x09, 0x00, 0x06, 0x00, 0x26, 0x01, 0x7A, 0x00, 0x43,
	0x00, 0x6F, 0x00, 0x70, 0x00, 0x79, 0x00, 0x72, 0x00, 0x69, 0x00, 0x67,
	0x00, 0x68, 0x00, 0x74, 0x00, 0x20, 0x00, 0x28, 0x00, 0x63, 0x00, 0x29,
	0x00, 0x20, 0x00, 0x32, 0x00, 0x30, 0x00, 0x30, 0x00, 0x33, 0x00, 0x20,
	0x00, 0x62, 0x00, 0x79, 0x00, 0x20, 0x00, 0x42, 0x00, 0x69, 0x00, 0x74,
	0x00, 0x73, 0x00, 0x74, 0x00, 0x72, 0x00, 0x65, 0x00, 0x61, 0x00, 0x6D,
	0x00, 0x2C, 0x00, 0x20, 0x00, 0x49, 0x00, 0x6E, 0x00, 0x63, 0x00, 0x2E,
	0x00, 0x20, 0x00, 0x41, 0x00, 0x6C, 0x00, 0x6C, 0x00, 0x20, 0x00, 0x52,
	0x00, 0x69, 0x00, 0x67, 0x00, 0x68, 0x00, 0x74, 0x00, 0x73, 0x00, 0x20,
	0x00, 0x52, 0x00, 0x65, 0x00, 0x73, 0x00, 0x65, 0x00, 0x72, 0x00, 0x76,
	0x00, 0x65, 0x00, 0x64, 0x00, 0x2E, 0x00, 0x0A, 0x00, 0x43, 0x00, 0x6F,
	0x00, 0x70, 0x00, 0x79, 0x00, 0x72, 0x00, 0x69, 0x00, 0x67, 0x00, 0x68,
	0x00, 0x74, 0x00, 0x20, 0x00, 0x28, 0x00, 0x63, 0x00, 0x29, 0x00, 0x20,
	0x00, 0x32, 0x00, 0x30, 0x00, 0x30, 0x00, 0x36, 0x00, 0x20, 0x00, 0x62,
	0x00, 0x79, 0x00, 0x20, 0x00, 0x54, 0x00, 0x61, 0x00, 0x76, 0x00, 0x6D,
	0x00, 0x6A, 0x00, 0x6F, 0x00, 0x6E, 0x00, 0x67, 0x00, 0x20, 0x00, 0x42,
	0x00, 0x61, 0x00, 0x68, 0x00, 0x2E, 0x00, 0x20, 0x00, 0x41, 0x00, 0x6C,
	0x00, 0x6C, 0x00, 0x20, 0x00, 0x52, 0x00, 0x69, 0x00, 0x67, 0x00, 0x68,
	0x00, 0x74, 0x00, 0x73, 0x00, 0x20, 0x00, 0x52, 0x00, 0x65, 0x00, 0x73,
	0x00, 0x65, 0x00, 0x72, 0x00, 0x76, 0x00, 0x65, 0x00, 0x64, 0x00, 0x2E,
	0x00, 0x0A, 0x00, 0x44, 0x00, 0x65, 0x00, 0x6A, 0x00, 0x61, 0x00, 0x56,
	0x00, 0x75, 0x00, 0x20, 0x00, 0x63, 0x00, 0x68, 0x00, 0x61, 0x00, 0x6E,
	0x00, 0x67, 0x00, 0x65, 0x00, 0x73, 0x00, 0x20, 0x00, 0x61, 0x00, 0x72,
	0x00, 0x65, 0x00, 0x20, 0x00, 0x69, 0x00, 0x6E, 0x00, 0x20, 0x00, 0x70,
	0x00, 0x75, 0x00, 0x62, 0x00, 0x6C, 0x00, 0x69, 0x00, 0x63, 0x00, 0x20,
	0x00, 0x64, 0x00, 0x6F, 0x00, 0x6D, 0x00, 0x61, 0x00, 0x69, 0x00, 0x6E,
	0x00, 0x0A, 0x00, 0x44, 0x00, 0x65, 0x00, 0x6A, 0x00, 0x61, 0x00, 0x56,
	0x00, 0x75, 0x00, 0x20, 0x00, 0x53, 0x00, 0x61, 0x00, 0x6E, 0x00, 0x73,
	0x00, 0x20, 0x00, 0x43, 0x00, 0x6F, 0x00, 0x6E, 0x00, 0x64, 0x00, 0x65,
	0x00, 0x6E, 0x00, 0x73, 0x00, 0x65, 0x00, 0x64, 0x00, 0x42, 0x00, 0x6F,
	0x00, 0x6F, 0x00, 0x6B, 0x00, 0x56, 0x00, 0x65, 0x00, 0x72, 0x00, 0x73,
	0x00, 0x69, 0x00, 0x6F, 0x00, 0x6E, 0x00, 0x20, 0x00, 0x32, 0x00, 0x2E,
	0x00, 0x33, 0x00, 0x37, 0x00, 0x44, 0x00, 0x65, 0x00, 0x6A, 0x00, 0x61,
	0x00, 0x56, 0x00, 0x75, 0x00, 0x53, 0x00, 0x61, 0x00, 0x6E, 0x00, 0x73,
	0x00, 0x43, 0x00, 0x6F, 0x00, 0x6E, 0x00, 0x64, 0x00, 0x65, 0x00, 0x6E,
	0x00, 0x73, 0x00, 0x65, 0x00, 0x64, 0x00, 0x00, 0x00, 0x03, 0x00, 0x00,
	0x00, 0x00, 0x00, 0x00, 0xFF, 0x7E, 0x00, 0x5A, 0x00, 0x00, 0x00, 0x00,
	0x00, 0x00, 0x00, 0x00, 0x00, 0x00, 0x00, 0x00, 0x00, 0x00, 0x00, 0x00,
	0x00, 0x00, 0x00, 0x00, 0x00, 0x00, 0x00, 0x02, 0x00, 0x08, 0x00, 0x02,
	0xFF, 0xFF, 0x00, 0x03, 0x00, 0x01, 0x00, 0x00, 0x00, 0x0C, 0x00, 0x00,
	0x00, 0x00, 0x00, 0x00, 0x00, 0x02, 0x00, 0x03, 0x00, 0x01, 0x00, 0xBF,
	0x00, 0x01, 0x00, 0xC4, 0x00, 0xCA, 0x00, 0x01, 0x00, 0xCD, 0x00, 0xDF,
	0x00, 0x01, 0x00, 0x00, 0x00, 0x01, 0x00, 0x00, 0x00, 0x0A, 0x00, 0x1C,
	0x00, 0x1E, 0x00, 0x01, 0x44, 0x46, 0x4C, 0x54, 0x00, 0x08, 0x00, 0x04,
	0x00, 0x00, 0x00, 0x00, 0xFF, 0xFF, 0x00, 0x00, 0x00, 0x00, 0x00, 0x00,
	0x00, 0x01, 0x00, 0x00, 0x00, 0x0A, 0x00, 0x92, 0x00, 0x94, 0x00, 0x14,
	0x44, 0x46, 0x4C, 0x54, 0x00, 0x7A, 0x61, 0x72, 0x61, 0x62, 0x00, 0x84,
	0x61, 0x72, 0x6D, 0x6E, 0x00, 0x84, 0x62, 0x72, 0x61, 0x69, 0x00, 0x84,
	0x63, 0x61, 0x6E, 0x73, 0x00, 0x84, 0x63, 0x68, 0x65, 0x72, 0x00, 0x84,
	0x63, 0x79, 0x72, 0x6C, 0x00, 0x84, 0x67, 0x65, 0x6F, 0x72, 0x00, 0x84,
	0x67, 0x72, 0x65, 0x6B, 0x00, 0x84, 0x68, 0x61, 0x6E, 0x69, 0x00, 0x84,
	0x68, 0x65, 0x62, 0x72, 0x00, 0x84, 0x6B, 0x61, 0x6E, 0x61, 0x00, 0x84,
	0x6C, 0x61, 0x6F, 0x20, 0x00, 0x84, 0x6C, 0x61, 0x74, 0x6E, 0x00, 0x84,
	0x6D, 0x61, 0x74, 0x68, 0x00, 0x84, 0x6E, 0x6B, 0x6F, 0x20, 0x00, 0x84,
	0x6F, 0x67, 0x61, 0x6D, 0x00, 0x84, 0x72, 0x75, 0x6E, 0x72, 0x00, 0x84,
	0x74, 0x66, 0x6E, 0x67, 0x00, 0x84, 0x74, 0x68, 0x61, 0x69, 0x00, 0x84,
	0x00, 0x04, 0x00, 0x00, 0x00, 0x00, 0xFF, 0xFF, 0x00, 0x00, 0x00, 0x00,
	0x00, 0x00, 0x00, 0x00, 0x00, 0x00, 0x00, 0x00, 0x00, 0x01, 0x00, 0x00,
	0x00, 0x0A, 0x00, 0xE0, 0x00, 0xE8, 0x00, 0x50, 0x00, 0x3C, 0x0C, 0x00,
	0x07, 0xDD, 0x00, 0x00, 0x00, 0x00, 0x02, 0x82, 0x00, 0x00, 0x04, 0x60,
	0x00, 0x00, 0x05, 0xD5, 0x00, 0x00, 0x00, 0x00, 0x00, 0x00, 0x04, 0x60,
	0x00, 0x00, 0x00, 0x00, 0x00, 0x00, 0x00, 0x00, 0x00, 0x00, 0x00, 0x00,
	0x00, 0x00, 0x04, 0x60, 0x00, 0x00, 0x00, 0x00, 0x00, 0x00, 0x01, 0x68,
	0x00, 0x00, 0x04, 0x60, 0x00, 0x00, 0x00, 0x55, 0x00, 0x00, 0x00, 0x00,
	0x00, 0x00, 0x00, 0x00, 0x00, 0x00, 0x00, 0x00, 0x00, 0x00, 0x00, 0x00,
	0x00, 0x00, 0x00, 0x00, 0x00, 0x00, 0x00, 0x00, 0x00, 0x00, 0x00, 0x00,
	0x00, 0x00, 0x00, 0x00, 0x00, 0x00, 0x01, 0x0E, 0x00, 0x00, 0x02, 0x76,
	0x00, 0x00, 0x00, 0x00, 0x00, 0x00, 0x00, 0x00, 0x00, 0x00, 0x00, 0x00,
	0x00, 0x00, 0x00, 0x00, 0x00, 0x00, 0x00, 0x00, 0x00, 0x00, 0x00, 0x00,
	0x00, 0x00, 0x00, 0x00, 0x00, 0x00, 0x00, 0x00, 0x00, 0x00, 0x00, 0x5A,
	0x00, 0x00, 0x01, 0x0E, 0x00, 0x00, 0x00, 0x5A, 0x00, 0x00, 0x00, 0x5A,
	0x00, 0x00, 0x01, 0x0E, 0x00, 0x00, 0x00, 0x00, 0x00, 0x00, 0x00, 0x00,
	0x00, 0x00, 0x01, 0x0E, 0x00, 0x00, 0x00, 0x5A, 0x00, 0x00, 0x00, 0x5A,
	0x00, 0x00, 0x01, 0x0E, 0x00, 0x00, 0x00, 0x5A, 0x00, 0x00, 0x00, 0x5A,
	0x00, 0x00, 0x00, 0x5A, 0x00, 0x00, 0x01, 0x72, 0x00, 0x00, 0x00, 0x5A,
	0x00, 0x00, 0x00, 0x5A, 0x00, 0x00, 0x02, 0x38, 0x00, 0x00, 0xFB, 0x8F,
	0x00, 0x00, 0x00, 0x3C, 0x00, 0x00, 0x00, 0x00, 0x00, 0x00, 0x00, 0x00,
	0x00, 0x28, 0x00, 0x1E, 0x00, 0x30, 0x00, 0x07, 0x00, 0x03, 0x00, 0x3A,
	0x00, 0x62, 0x00, 0x8A, 0x00, 0xB2, 0x00, 0xDA, 0x01, 0x16, 0x01, 0x34,
	0x01, 0x70, 0x01, 0x8E, 0x01, 0xAC, 0x00, 0x01, 0x00, 0x07, 0x00, 0x09,
	0x00, 0x0A, 0x00, 0x3C, 0x00, 0x3E, 0x00, 0x5C, 0x00, 0x5D, 0x00, 0x5E,
	0x00, 0x01, 0x00, 0x03, 0x00, 0x1E, 0x00, 0x40, 0x00, 0x6F, 0x00, 0x04,
	0x00, 0x00, 0x00, 0x00, 0x00, 0x00, 0x00, 0x03, 0x00, 0xCF, 0x00, 0x00,
	0x00, 0x28, 0x09, 0x75, 0x00, 0x00, 0x00, 0xCE, 0x00, 0x28, 0x00, 0x28,
	0x09, 0x8D, 0x00, 0x01, 0x00, 0xCD, 0x00, 0x28, 0x00, 0x00, 0x09, 0x96,
	0x00, 0x00, 0x00, 0x04, 0x00, 0x00, 0x00, 0x00, 0x00, 0x00, 0x00, 0x03,
	0x00, 0xD2, 0x00, 0x00, 0x00, 0x28, 0x09, 0x75, 0x00, 0x00, 0x00, 0xD1,
	0x00, 0x28, 0x00, 0x28, 0x09, 0x8D, 0x00, 0x01, 0x00, 0xD0, 0x00, 0x28,
	0x00, 0x00, 0x09, 0x96, 0x00, 0x00, 0x00, 0x04, 0x00, 0x00, 0x00, 0x00,
	0x00, 0x00, 0x00, 0x03, 0x00, 0xD5, 0x00, 0x00, 0x00, 0x28, 0x09, 0x75,
	0x00, 0x00, 0x00, 0xD4, 0x00, 0x28, 0x00, 0x28, 0x09, 0x8D, 0x00, 0x01,
	0x00, 0xD3, 0x00, 0x28, 0x00, 0x00, 0x09, 0x71, 0x00, 0x00, 0x00, 0x04,
	0x00, 0x00, 0x00, 0x00, 0x00, 0x00, 0x00, 0x03, 0x00, 0xD8, 0x00, 0x00,
	0x00, 0x28, 0x09, 0x66, 0x00, 0x00, 0x00, 0xD7, 0x00, 0x28, 0x00, 0x28,
	0x09, 0x7E, 0x00, 0x01, 0x00, 0xD6, 0x00, 0x28, 0x00, 0x00, 0x09, 0x71,
	0x00, 0x00, 0x00, 0x04, 0x00, 0x00, 0x00, 0x00, 0x00, 0x00, 0x00, 0x05,
	0x00, 0xDB, 0x00, 0x00, 0x00, 0x28, 0x09, 0x72, 0x00, 0x00, 0x00, 0xDC,
	0x00, 0x28, 0x00, 0x28, 0x09, 0x98, 0x00, 0x01, 0x00, 0xDA, 0x00, 0x28,
	0x00, 0x28, 0x09, 0x8A, 0x00, 0x00, 0x00, 0xDC, 0x00, 0x28, 0x00, 0x28,
	0x09, 0x98, 0x00, 0x01, 0x00, 0xD9, 0x00, 0x28, 0x00, 0x00, 0x09, 0x83,
	0x00, 0x00, 0x00, 0x04, 0x00, 0x00, 0x00, 0x00, 0x00, 0x00, 0x00, 0x02,
	0x00, 0x5D, 0x00, 0x00, 0x00, 0x28, 0x08, 0x00, 0x00, 0x00, 0x00, 0x5D,
	0x00, 0x28, 0x00, 0x00, 0x08, 0x00, 0x00, 0x01, 0x00, 0x04, 0x00, 0x00,
	0x00, 0x00, 0x00, 0x00, 0x00, 0x05, 0x00, 0xDF, 0x00, 0x00, 0x00, 0x28,
	0x09, 0x72, 0x00, 0x00, 0x00, 0xDC, 0x00, 0x28, 0x00, 0x28, 0x09, 0x98,
	0x00, 0x01, 0x00, 0xDE, 0x00, 0x28, 0x00, 0x28, 0x09, 0x8A, 0x00, 0x00,
	0x00, 0xDC, 0x00, 0x28, 0x00, 0x28, 0x09, 0x98, 0x00, 0x01, 0x00, 0xDD,
	0x00, 0x28, 0x00, 0x00, 0x09, 0x83, 0x00, 0x00, 0x00, 0x04, 0x00, 0x00,
	0x00, 0x00, 0x00, 0x00, 0x00, 0x02, 0x00, 0x1E, 0x00, 0x00, 0x00, 0x24,
	0x04, 0x82, 0x00, 0x00, 0x00, 0x1E, 0x00, 0x24, 0x00, 0x00, 0x04, 0x82,
	0x00, 0x01, 0x00, 0x04, 0x00, 0x00, 0x00, 0x00, 0x00, 0x00, 0x00, 0x02,
	0x00, 0x40, 0x00, 0x00, 0x00, 0x24, 0x03, 0xBE, 0x00, 0x00, 0x00, 0x40,
	0x00, 0x24, 0x00, 0x00, 0x03, 0xBE, 0x00, 0x01, 0x00, 0x04, 0x00, 0x00,
	0x00, 0x00, 0x00, 0x00, 0x00, 0x02, 0x00, 0x6F, 0x00, 0x00, 0x00, 0x24,
	0x02, 0x1A, 0x00, 0x00, 0x00, 0x6F, 0x00, 0x24, 0x00, 0x00, 0x02, 0x1A,
	0x00, 0x01, 0x00, 0x00,
};
